ReviewID,ProductID,CustomerID,Rating,Comment,ReviewDate
1,405,94,1,Let stay wish large suffer yard.,2025-06-22
2,825,710,3,Police institution effect inside million management.,2024-11-27
3,746,305,5,Up Mr teach argue understand thing.,2024-11-03
4,877,843,1,Away professional manage trade.,2025-03-26
5,567,564,4,Move cup add action word.,2025-07-04
6,487,858,1,Leader live point brother.,2025-01-06
7,297,616,1,Stop yet life must scientist expert take.,2025-08-09
8,690,199,4,Employee and look health.,2025-10-08
9,669,946,4,Page forward yeah focus again.,2025-09-20
10,745,513,3,My wind just woman.,2025-02-21
11,73,550,1,Rate gas finally.,2025-09-14
12,693,36,2,Agreement page increase notice floor scientist.,2025-04-03
13,248,484,1,Mean realize everybody experience rock approach.,2025-04-28
14,174,948,3,Research place red and seat.,2025-02-22
15,764,438,2,Loss answer piece.,2025-05-16
16,929,820,1,Worker from table ahead.,2025-10-13
17,789,759,5,Politics edge heart necessary suddenly.,2024-11-16
18,45,963,1,Once seat last point.,2025-06-15
19,701,42,1,West have concern though thing.,2024-12-22
20,538,35,3,Notice best though choose yard firm.,2025-10-04
21,305,603,4,Safe memory dinner modern window.,2025-02-25
22,910,871,3,Everything ahead do many reality gas.,2025-08-31
23,166,514,2,Democratic land life.,2025-06-07
24,846,869,2,Bring certain read develop own here.,2025-04-26
25,597,434,5,Provide week participant.,2025-05-06
26,229,427,1,Center international best perhaps he seat.,2025-03-29
27,608,449,3,Station term they morning hit yard.,2024-12-27
28,296,509,5,Improve animal drive stage serious four really.,2025-05-02
29,69,267,1,Every meeting ever same.,2025-07-27
30,818,361,3,Return however or responsibility.,2025-01-02
31,665,14,4,Act high major analysis provide.,2025-06-27
32,338,849,1,Ahead tell suffer morning control.,2025-10-17
33,386,124,4,Dream central series full than.,2025-10-11
34,930,460,4,Live amount bed evidence your.,2025-04-13
35,134,186,5,Senior unit laugh visit not none while.,2025-08-11
36,962,465,3,Street artist skin company particularly such plant.,2025-03-24
37,213,281,2,Old happy over interview.,2025-08-12
38,348,178,5,Often loss item I.,2025-07-17
39,863,440,5,Tell exist Mr but.,2025-10-06
40,515,144,3,Strong result order whole long region for.,2025-06-07
41,400,366,3,Often reason enter brother impact.,2024-12-17
42,777,765,4,Surface blood care exist.,2024-11-06
43,787,453,4,Away nice expert.,2025-07-31
44,862,272,1,Citizen she hour style fear.,2025-01-03
45,977,313,2,South leader worker morning.,2025-03-26
46,765,470,5,Argue guess poor share son business success.,2025-09-24
47,257,572,5,Including themselves wife trouble.,2025-03-09
48,893,855,5,Bit at wait.,2024-12-14
49,137,57,3,View behind arm son step trial right successful.,2025-10-06
50,544,710,1,Ago item you.,2025-01-19
51,863,131,1,Say this between up Mr news back.,2025-07-24
52,547,681,5,Point whom pattern environment list.,2025-03-12
53,347,893,3,Offer space raise value care individual.,2024-11-15
54,43,396,3,Change consider appear likely friend able.,2025-09-13
55,9,403,4,Outside defense follow sound occur act whole.,2024-11-14
56,454,56,4,Oil food her charge six.,2025-02-04
57,271,877,5,Team wish bag man trouble.,2025-04-26
58,365,328,3,Amount picture story current return.,2025-04-02
59,618,596,1,Interview building trip.,2025-06-26
60,259,34,2,Cell four available day.,2025-01-06
61,529,302,1,Brother administration study suggest it somebody.,2025-07-27
62,140,993,5,Role machine build member road leader crime.,2025-04-28
63,636,39,5,Offer hard this pass through book.,2025-09-29
64,530,446,5,Tv difficult area simple interesting.,2025-08-31
65,741,794,2,Ball nature beyond.,2025-07-13
66,357,377,1,Sense professor interview above trial.,2025-07-08
67,832,705,5,Of save class six president.,2025-09-27
68,677,90,5,Should item size.,2025-04-16
69,328,453,1,Election detail daughter push hear property but poor.,2025-03-08
70,845,426,3,Wide realize event another.,2025-07-03
71,682,681,2,Never down suddenly majority.,2025-05-09
72,969,685,3,Coach car discuss hotel.,2025-05-21
73,912,545,1,Exactly story house task understand.,2025-04-30
74,846,925,4,As nature floor little.,2024-12-26
75,149,943,2,Other his stay training.,2025-09-05
76,726,286,1,Community production police song within south only.,2025-05-18
77,436,170,4,Trouble keep top can police.,2025-04-22
78,75,635,3,Black agency trouble eat room.,2024-12-12
79,464,817,3,Capital site anyone actually decision morning trial four.,2025-01-06
80,974,147,5,Town better clearly fight.,2025-03-02
81,482,646,1,Everything plant own paper purpose.,2025-06-01
82,835,524,1,Center answer often research respond.,2025-04-08
83,738,723,4,Someone grow draw various color.,2025-10-04
84,419,939,5,Example account center long candidate.,2025-05-15
85,713,225,5,Culture more at all research ever.,2025-01-06
86,949,99,5,Those ten participant allow.,2025-06-25
87,816,833,5,Hundred base big which discover test.,2025-06-18
88,250,366,1,Drive pattern enjoy million few use memory number.,2025-08-01
89,539,328,4,You spring read pull defense daughter memory.,2025-08-20
90,792,57,3,Something need letter.,2025-07-05
91,544,402,2,Middle meet around.,2024-11-17
92,840,1,1,Reality song score government cold radio customer.,2025-03-05
93,333,926,4,Rule hear mention likely piece how authority.,2025-02-05
94,411,263,2,Authority its test industry action history add.,2024-12-14
95,310,293,3,Best hour appear professional daughter admit you.,2024-10-24
96,684,658,5,Describe shoulder push second participant imagine design might.,2025-04-13
97,569,509,3,Go none send maybe international administration reveal.,2024-11-15
98,338,578,1,Teach data test claim oil.,2025-08-13
99,713,694,3,Institution public door control any.,2024-12-22
100,671,578,1,Movie customer drive successful president spring.,2025-07-21
101,604,166,4,Consider garden choice listen.,2025-06-02
102,600,959,1,Bar beyond continue dog take it.,2025-10-19
103,927,205,1,By degree bag loss.,2025-10-20
104,380,553,4,Low rest happy.,2025-05-31
105,330,367,2,The pressure forward between could data.,2025-08-31
106,860,723,1,Any although manage side conference able approach.,2025-05-09
107,492,32,5,Under someone cost agree mind situation center.,2025-07-25
108,69,388,1,Together wind born near can.,2025-07-18
109,201,25,2,Industry writer out industry.,2025-05-18
110,341,767,4,Law store national source policy debate professor.,2025-04-05
111,585,428,3,Responsibility relate ask whatever among.,2025-09-01
112,654,23,2,Result response off purpose ball check.,2025-01-27
113,228,28,4,Standard goal major.,2025-08-10
114,371,107,3,Contain help direction avoid energy sit red.,2025-01-28
115,740,867,5,Enter attack stop.,2024-10-31
116,33,256,4,Throughout study middle admit American.,2024-11-22
117,677,524,3,Behavior various about news.,2025-07-14
118,915,453,1,Teach form similar hard.,2025-08-21
119,456,781,1,Economic summer memory unit.,2025-04-25
120,940,72,4,Performance set room break add fly best.,2025-01-08
121,453,482,2,Standard prevent TV join.,2025-07-12
122,689,454,1,Understand charge fire.,2025-06-06
123,705,875,5,Easy station police.,2024-11-11
124,271,67,4,Adult agency left process court system which discover.,2025-02-17
125,460,563,2,As inside few attorney represent tonight teach site.,2025-05-04
126,463,301,5,Firm whose certainly ability stand improve.,2024-11-11
127,939,784,2,Walk project magazine analysis personal eye.,2025-07-25
128,111,838,1,Significant simple least long organization establish institution surface.,2025-08-11
129,452,48,3,Go nation establish accept discussion unit.,2024-11-17
130,236,781,2,Build test analysis.,2024-11-06
131,479,639,2,Down garden recognize candidate face father.,2025-10-18
132,766,525,3,If bar walk of.,2024-10-24
133,755,402,4,Yet dinner than.,2025-05-04
134,28,162,5,Enough seem through sit.,2025-02-28
135,108,12,4,Production study billion often.,2025-07-26
136,848,339,3,Small drug strategy tree establish under.,2024-12-19
137,18,152,2,Look Democrat inside onto.,2025-05-19
138,662,380,1,Exactly billion media study challenge.,2025-05-23
139,97,260,4,Political choose owner stock bit almost many.,2025-07-23
140,544,638,4,Share behind southern easy.,2025-06-14
141,586,693,5,Employee stuff research dog.,2025-06-01
142,240,429,3,Well miss protect work represent hotel.,2025-06-05
143,235,28,3,Factor area lot painting operation space.,2025-09-18
144,602,476,5,Hit market home seat enter style.,2025-10-09
145,281,793,4,Activity glass box floor view which democratic.,2024-12-02
146,147,492,2,Wish book poor until offer hard set.,2025-04-02
147,22,348,3,Maybe author thank cover product account.,2025-03-05
148,199,325,3,Short try memory food strong.,2024-11-19
149,544,265,5,Religious might light life.,2024-11-17
150,603,446,4,Hard body develop war.,2025-09-13
151,805,311,5,Blue accept type rich leave listen might.,2025-03-01
152,129,75,3,Special on set direction member race million.,2025-09-12
153,175,443,3,Instead to note door more.,2025-01-12
154,14,155,1,Already hold professional later southern.,2025-01-06
155,8,32,2,Half unit interest state program box.,2025-07-23
156,217,640,1,Decide early what remain less nothing much church.,2025-04-13
157,447,421,3,Recent forget if here focus here develop.,2024-11-28
158,202,407,3,Environment vote American statement now dream administration return.,2025-08-28
159,60,91,4,General especially decade they direction pretty.,2025-10-04
160,134,924,3,Million small world.,2025-08-03
161,914,873,5,Base study purpose now what.,2024-11-08
162,912,321,5,By staff door whatever guess teacher.,2025-04-19
163,125,723,2,Contain laugh worry mind able most identify.,2025-04-30
164,183,873,3,Want cost process cold explain where gun.,2025-09-12
165,622,14,3,Budget though protect tend represent compare line.,2024-12-02
166,185,970,3,Hear hold cell raise usually process lose international.,2024-12-09
167,479,68,5,Among training economic half.,2025-03-06
168,802,404,4,Serious upon mind huge.,2025-08-07
169,595,354,1,Senior adult front body.,2025-01-06
170,406,810,5,Research determine both research art.,2024-12-14
171,111,4,1,Human amount senior middle activity everybody their order.,2025-03-30
172,734,795,3,Knowledge different here public garden.,2025-09-18
173,584,13,4,Buy also seek traditional.,2025-02-02
174,665,492,3,Of direction work three light.,2025-01-07
175,654,328,4,Main professional service return task model rule.,2024-10-31
176,514,244,4,Think well data over upon trade important.,2024-11-12
177,411,774,4,Forward on deep process night theory science.,2024-12-13
178,925,28,5,Long apply day.,2025-10-07
179,539,761,1,Professional be near to item city difference.,2025-04-12
180,889,845,5,Property moment must none large than.,2025-08-04
181,713,326,1,Maybe who before name.,2025-09-04
182,412,112,3,Traditional deal per available fear discover purpose.,2024-11-22
183,590,324,2,Career night tonight news reflect page employee.,2025-03-06
184,261,544,5,Election person before see send.,2024-12-09
185,91,862,5,Something than look involve child teacher chair many.,2025-01-19
186,345,599,5,Eight military adult not forward.,2024-12-25
187,373,327,1,Cultural tough anyone thousand history reality seek.,2025-04-24
188,826,977,1,Allow perform loss type.,2025-06-17
189,440,859,3,Artist letter training someone.,2025-08-06
190,460,427,4,Sense their station.,2025-06-30
191,168,223,4,Spring everybody game future guess culture view.,2025-08-19
192,417,385,4,Let try film black thought very.,2025-05-23
193,525,666,4,Site beat weight prevent here yard if.,2024-12-28
194,202,649,5,Who purpose already skin.,2025-10-08
195,715,790,2,Suddenly behavior floor figure might beautiful down event.,2024-10-28
196,577,790,2,Fire card in certainly sound enter.,2025-08-14
197,732,891,1,Investment positive start notice then responsibility with lay.,2025-02-07
198,190,252,4,Short first another.,2024-12-23
199,199,868,1,Toward it toward enough which service.,2025-02-04
200,16,706,1,Majority bar story court agency civil.,2025-05-30
201,763,655,1,Lot hit enter feel into also note.,2025-08-17
202,373,995,4,Worry kitchen one.,2025-05-10
203,378,803,3,Again here my along figure.,2025-02-16
204,585,129,5,Social month their fund now.,2025-01-24
205,563,868,5,Religious tend customer ten.,2025-03-17
206,98,842,3,Store process property accept back.,2024-12-29
207,809,100,1,Television society similar group finally certain doctor help.,2025-10-05
208,352,394,3,Hand month laugh.,2025-05-15
209,259,768,4,Stop international difference loss.,2025-09-20
210,412,471,3,Bill receive collection human quickly.,2025-03-16
211,715,366,3,Imagine low brother unit meet near.,2025-01-09
212,122,262,1,Cup teach prove.,2024-11-23
213,957,639,1,Since shoulder thing.,2025-02-10
214,293,132,1,May scene war ever provide worker long travel.,2025-06-28
215,164,997,3,Technology traditional issue market quality begin.,2025-06-10
216,606,232,5,Their wish middle behavior own north couple.,2025-04-28
217,719,146,4,Develop represent assume speak that.,2025-10-13
218,275,56,3,Eat might cup finally.,2025-01-12
219,175,217,1,Heavy simply receive.,2025-02-28
220,477,876,2,Himself if yourself mind cause imagine those.,2025-08-02
221,950,918,1,Wall the really table low century too.,2025-05-23
222,498,70,4,Down benefit interesting month example force might.,2025-09-10
223,326,125,4,Determine cup cup occur.,2025-10-04
224,29,184,4,Size successful stuff I trade country level.,2025-06-12
225,328,851,1,People of entire cup building wrong.,2025-08-14
226,338,473,1,Black after least care.,2024-12-11
227,334,287,4,Especially discuss man method.,2025-10-13
228,201,898,2,Important receive think phone catch.,2025-06-14
229,681,391,1,Minute relate west make team wind.,2025-08-27
230,21,853,1,Positive pattern remain statement citizen.,2025-02-21
231,621,5,5,Understand along help.,2024-11-16
232,400,733,2,Despite process movement commercial meeting environmental.,2024-11-04
233,872,437,1,Peace read better wear discussion.,2024-11-20
234,323,763,3,Order so money.,2024-10-26
235,288,915,2,Whole after industry even help serve military moment.,2025-06-14
236,610,234,5,Board popular newspaper article join left.,2025-10-02
237,786,175,1,Base my finish address degree.,2025-05-28
238,355,641,4,Reality break thought along case everything.,2025-09-13
239,805,730,2,Something third there win our court.,2025-07-16
240,547,980,4,Not think training investment contain must movement pull.,2025-07-01
241,959,953,2,Sign everyone involve perform perform simply agent.,2025-06-17
242,713,209,5,Power hospital bed president boy.,2025-06-16
243,226,831,3,Him agent state prepare vote gas system.,2025-03-19
244,888,175,5,Five listen trouble military.,2025-07-09
245,672,586,5,Team cell score season.,2025-08-07
246,299,655,3,Social son several its.,2025-08-22
247,747,848,1,Price capital type behind pass.,2024-12-06
248,840,397,5,Each long card there expert example first their.,2025-10-12
249,807,606,1,College service speak memory.,2024-11-17
250,153,280,3,Team statement future energy customer administration.,2024-11-25
251,609,44,3,Anything man very receive physical address.,2025-08-25
252,628,196,2,Stage movie watch fine election arrive.,2025-05-13
253,692,825,4,Particular while special.,2025-04-30
254,116,615,5,Suddenly argue ability tax ball.,2025-02-09
255,353,496,1,Street until successful since eight middle.,2025-06-21
256,595,410,5,Thank company place tough final.,2025-02-03
257,995,806,4,Step generation anything right rule science.,2025-06-30
258,587,308,1,Organization war treatment wait city upon development imagine.,2025-09-25
259,965,762,3,Eye blood follow quality station.,2025-10-05
260,279,426,2,Seven bill word sound thing true final.,2025-06-18
261,164,458,2,Charge step ready great skill water.,2024-12-17
262,631,450,5,Case industry fact foot threat.,2025-01-28
263,550,531,2,Mr different show.,2024-12-28
264,907,791,3,Its environment school region two know once.,2024-12-12
265,801,639,4,Reason once career ground meet order compare.,2025-08-15
266,699,425,2,Wait live agency end cold create trouble.,2024-12-03
267,912,734,3,Structure prepare hour change collection sometimes into.,2025-02-17
268,799,337,3,Music discuss everything act Democrat sit.,2024-10-29
269,398,260,1,For whom nation stock man attack.,2025-05-17
270,3,160,3,Space business run hope hair reach.,2024-11-01
271,181,304,5,Range health place or hot drug.,2025-06-06
272,770,882,3,Seven stand specific church.,2024-11-03
273,968,742,2,Different attorney maintain charge.,2025-06-03
274,189,278,1,Piece focus area with watch.,2025-10-15
275,840,612,4,A trouble run.,2025-06-29
276,410,450,3,Human recent tend season base.,2025-04-26
277,381,834,5,Future person consider.,2025-09-03
278,913,430,3,Visit front investment suddenly building.,2025-09-27
279,713,973,5,Land white crime later season kind knowledge official.,2025-07-09
280,347,787,3,Guess me my push above show.,2025-09-03
281,135,481,4,True school truth change.,2024-11-28
282,189,863,2,Rich blue campaign Mr military couple indicate.,2025-05-13
283,357,412,5,Official low current particular.,2025-08-12
284,814,575,1,Effort produce strategy probably production.,2024-12-09
285,73,235,3,Information believe mouth work.,2025-05-25
286,734,443,5,Back degree range visit society.,2025-04-03
287,655,935,1,Government go reflect media control it give sell.,2025-05-25
288,684,964,5,Reach whose experience participant.,2025-07-24
289,511,622,2,Sing follow allow state security respond after.,2024-12-01
290,397,392,2,Artist their more pick hundred as officer produce.,2025-04-15
291,868,853,4,Race my front score number mind customer.,2025-04-08
292,699,204,3,Growth activity ago quality player attack.,2025-04-11
293,545,338,2,Still door both garden option.,2025-10-19
294,590,680,5,Politics course medical note.,2025-02-17
295,958,449,2,Avoid wish seat state determine anything small fact.,2025-08-31
296,558,811,1,Edge herself trade side.,2025-10-10
297,321,987,2,Reduce have soon story face citizen.,2025-06-30
298,959,259,4,Myself region how act outside medical.,2025-01-21
299,436,119,4,Specific general rule soldier owner service.,2025-08-17
300,313,675,1,Than maybe worry drop election able live.,2025-09-17
301,734,314,4,Sure democratic whatever always book around side.,2025-09-14
302,242,790,3,Woman particularly reduce offer establish.,2025-10-20
303,467,745,4,Beautiful and seek of knowledge accept question treatment.,2025-03-25
304,436,447,5,Admit room bar discussion.,2025-06-11
305,884,792,1,Debate bad behind worry.,2025-08-11
306,696,143,5,Thing skill focus interesting fly attorney.,2025-08-21
307,986,357,5,Authority conference watch black present.,2025-05-22
308,138,216,4,Hear increase alone few.,2025-03-11
309,517,161,3,Focus over ask.,2024-10-26
310,14,151,4,View side he really.,2025-09-03
311,433,758,2,Reveal weight rule help behavior.,2024-11-23
312,27,193,4,Try response mention child consider voice total whom.,2025-08-22
313,563,313,2,Hot measure they feeling window toward address difference.,2025-05-03
314,257,576,3,Really cause major bring.,2025-01-21
315,505,554,3,Bring college relate vote environment court dream.,2025-03-18
316,904,572,1,Accept challenge wrong start follow test up both.,2025-04-05
317,433,788,5,Each coach future opportunity open identify seek.,2025-08-15
318,505,533,5,Fish wait page contain turn avoid.,2025-07-30
319,454,880,5,Finally much between machine bad.,2025-08-15
320,588,696,5,Parent with evening chance day strategy risk.,2025-03-16
321,467,416,3,Quality whether heart class dream.,2025-05-28
322,180,729,3,Produce indeed firm wish.,2025-06-14
323,10,901,4,You us company girl.,2025-01-05
324,251,633,1,Describe enough foot window fire federal.,2025-09-03
325,648,868,1,Situation different fund current under offer others.,2025-10-17
326,252,836,4,Buy physical plant series specific.,2025-07-29
327,749,294,2,Shake old appear kid.,2025-03-30
328,451,732,1,Fund close figure product.,2024-10-27
329,636,422,2,Street worker hold try gun have drug.,2025-06-01
330,787,123,2,Treat check red draw face share.,2025-03-31
331,722,632,4,Culture appear oil speech main treat town consider.,2025-04-27
332,135,30,3,Year just ok.,2025-05-22
333,504,870,4,End general although.,2025-10-11
334,827,512,1,Usually article girl sense national town administration.,2025-04-03
335,328,93,4,Expert mouth year evidence be protect.,2024-10-27
336,64,318,3,Like history half may form.,2025-08-05
337,243,624,5,Difference art car because.,2025-06-05
338,992,38,2,Including church born why personal rate skin.,2024-11-21
339,950,731,2,Energy they true recent article must society.,2025-07-25
340,249,792,5,Likely capital the minute statement position answer.,2025-01-10
341,168,621,4,Edge figure free everybody.,2025-07-17
342,409,199,5,North color subject recently turn remain bring.,2025-04-11
343,113,221,2,Along peace guess more.,2025-07-07
344,965,281,4,Save type tend foot point.,2025-05-21
345,617,907,4,Maintain build book economic finally time.,2025-10-10
346,812,739,5,Minute decide management woman way life.,2025-06-05
347,602,146,4,Add garden cover whatever traditional language.,2024-12-16
348,943,182,1,Military dinner company house idea as.,2025-04-05
349,54,16,5,Because man board.,2025-09-16
350,949,388,5,Spend such learn house opportunity she entire.,2025-10-20
351,380,888,1,Professor body art.,2025-04-13
352,463,797,1,Unit play usually yourself day increase level boy.,2025-05-25
353,453,204,4,Before everybody represent.,2025-01-25
354,538,995,1,Perhaps mother guy believe north against although.,2025-04-13
355,813,141,5,Accept can information number.,2025-04-03
356,998,75,5,Lose oil interest within professor plan foreign.,2024-12-19
357,781,498,4,Into turn represent garden entire that control.,2025-03-02
358,242,669,3,Center seem science one garden.,2024-12-15
359,691,242,2,Option happy ready computer describe.,2024-11-13
360,462,188,3,Environment there decade ball expert he.,2025-05-27
361,238,977,2,Especially possible look traditional serious employee fall ready.,2024-10-30
362,831,597,4,Culture meeting yard modern.,2025-10-21
363,961,206,2,Look adult interview fire.,2025-05-24
364,707,472,1,Prove involve military finally consider.,2025-03-14
365,864,503,2,Value figure buy leg quickly mind.,2025-05-17
366,963,530,4,Change wait size company determine ready memory.,2024-11-11
367,876,461,1,Reality discover include kitchen against.,2024-11-02
368,103,709,1,Window especially debate necessary myself science.,2025-10-01
369,16,964,1,Nearly middle term whom half bad seem ask.,2024-10-23
370,213,864,2,His include quite young.,2024-12-13
371,331,279,1,Defense or exactly medical.,2025-02-21
372,927,581,4,Certain police four son tax.,2025-07-24
373,157,940,4,Former family lead spring.,2025-03-29
374,542,588,3,Part alone the right.,2025-01-09
375,246,972,3,Report nature management example choice continue.,2024-12-22
376,936,566,5,Partner walk green on answer.,2025-07-09
377,241,119,1,May professor experience focus.,2025-06-06
378,447,32,3,Develop themselves great current.,2025-07-17
379,64,495,1,Goal on a try most kind.,2025-09-15
380,182,367,2,Above new debate any line.,2024-10-28
381,584,416,3,Turn effect with wish.,2025-03-30
382,824,759,4,Crime reality probably friend as know determine street.,2025-04-22
383,573,374,5,Ball sea eye yet all.,2025-05-10
384,500,352,1,Around garden nation fear also doctor million he.,2025-05-06
385,255,579,5,Need city various office choose.,2025-10-18
386,683,229,5,Deal movement explain social year.,2025-04-06
387,233,676,5,Way travel every second beat quality.,2025-06-15
388,648,110,3,Least industry let notice.,2025-04-16
389,357,722,3,Course certainly prove.,2025-02-18
390,626,957,2,Purpose word stock wrong audience box nearly.,2025-09-18
391,8,163,1,Religious simply college church couple significant.,2025-08-10
392,29,809,3,Him own suggest treatment couple defense around.,2025-04-05
393,352,978,2,Environmental wife perform hospital.,2025-03-25
394,558,79,5,Must religious church behavior performance.,2025-07-04
395,668,748,4,Manage land check baby.,2025-01-31
396,335,106,1,Spend your suggest this civil.,2025-09-08
397,352,971,5,Particularly leave food society consider.,2025-10-10
398,820,167,2,Fine now their chance movie pay care.,2025-08-22
399,976,210,5,Here after will interesting media answer.,2025-04-21
400,550,983,3,Republican present reduce dream enjoy.,2025-10-11
401,233,104,2,Discuss whom tell decision.,2025-03-03
402,751,478,1,Start near dog.,2025-08-30
403,514,412,5,According simple attorney down may trip cup.,2024-12-09
404,843,612,4,Character be find sister measure.,2025-03-16
405,887,199,1,Day along peace because.,2025-02-10
406,271,506,1,Career religious thing contain rate house.,2025-05-13
407,391,274,3,The near war oil.,2025-01-15
408,811,196,3,Sell buy cultural both.,2024-11-15
409,331,848,1,Military south gun article cause.,2025-01-09
410,396,886,5,Movie Congress policy seven organization push reflect think.,2025-09-18
411,243,104,5,Wind some worker before finish.,2025-04-20
412,65,937,2,Trip walk hard land doctor discover bill range.,2025-04-15
413,901,848,5,Customer result education claim not policy.,2025-03-18
414,545,613,2,Education memory land clearly ok.,2025-03-12
415,691,953,3,How TV cut imagine.,2025-06-23
416,881,117,4,Tree major learn deal structure glass.,2025-07-04
417,916,734,2,Structure answer stage generation project only.,2025-07-10
418,717,120,3,Join couple letter.,2025-04-20
419,280,858,5,Song fish about president rather.,2025-09-29
420,303,117,1,And notice get field contain.,2025-07-26
421,127,562,2,Fight couple argue job check treat.,2025-02-15
422,30,990,3,Political within culture decade drop government.,2024-10-29
423,576,934,2,Everyone system figure.,2025-05-17
424,942,104,3,Particular according along already.,2025-09-09
425,945,61,2,Word drug standard enter a son.,2025-07-06
426,152,831,5,Bill piece so little another.,2025-10-15
427,324,240,3,Husband often paper discuss activity.,2025-07-16
428,921,173,2,Simple sit international.,2025-05-23
429,229,457,1,Control training protect perform analysis forward.,2025-01-24
430,232,4,3,Herself million free wind none.,2025-09-14
431,248,295,5,Water much possible chair research.,2025-08-05
432,628,491,5,Education manager grow smile age.,2025-03-23
433,510,357,3,History wish couple thing along character.,2025-07-27
434,47,38,1,Lose activity size.,2024-11-10
435,430,192,1,Window our rich rather mission both yet.,2025-09-09
436,757,525,3,Wall strong compare land live try.,2025-04-26
437,835,934,1,Prevent make item letter get hospital.,2024-11-30
438,715,352,2,Change never national between system.,2025-03-19
439,425,127,2,Away behavior turn send.,2025-06-01
440,85,296,2,Election prove sister population environmental price.,2025-10-06
441,695,818,5,Kid population nation deep too.,2025-05-04
442,352,165,1,Security heart forward rule gas.,2025-09-19
443,221,90,3,Defense increase bar real impact remember.,2025-10-17
444,250,943,5,Others national history.,2024-12-20
445,65,842,4,Particularly foot behind article parent performance short officer.,2025-03-13
446,753,646,4,Physical pick state senior might should.,2025-04-04
447,848,188,5,Example simply likely condition.,2025-02-01
448,932,202,5,Painting approach arrive offer control.,2025-06-03
449,697,41,1,When foot no brother Democrat.,2025-04-05
450,134,17,3,During us must decade father woman.,2025-03-07
451,449,606,4,Line kid large bill cup three.,2024-12-18
452,25,985,5,Herself source we deep.,2025-03-28
453,728,313,4,Majority figure window.,2025-08-27
454,118,31,3,Continue whose prove Mr.,2025-09-03
455,790,655,5,Soldier some try standard write either detail process.,2025-06-01
456,886,328,5,Employee necessary rise traditional mind show today despite.,2025-03-17
457,171,389,1,System Mrs husband loss.,2025-07-01
458,121,485,1,Throw west act word least first option.,2025-04-15
459,969,170,4,Possible drive guy.,2025-03-01
460,347,94,3,Concern authority indicate interesting.,2024-11-27
461,457,581,2,Result and place check generation quickly civil.,2025-05-27
462,399,777,5,Tell catch three call language agent plant.,2025-08-01
463,555,148,3,Purpose growth happen.,2025-05-03
464,60,813,4,Account two trouble can machine.,2025-02-15
465,707,512,5,Church like rise represent executive reason.,2024-12-28
466,988,249,5,Conference history experience late.,2025-01-24
467,923,199,5,Bar some stop toward thus ground.,2025-09-26
468,293,825,3,Deal information attack house letter focus.,2025-09-28
469,52,793,1,Radio film issue forward.,2025-03-27
470,976,859,2,Body teacher create claim represent.,2025-07-07
471,662,591,4,Military explain able eight.,2025-02-26
472,605,63,4,Trial indicate civil during eye officer back.,2025-08-03
473,894,193,2,Tax around factor.,2025-05-17
474,700,961,2,Develop century actually name.,2024-11-05
475,634,425,4,Job gun cost writer up.,2025-10-16
476,700,371,4,Break concern with add community from off computer.,2025-10-18
477,999,908,5,Add common organization parent shoulder purpose other cell.,2025-03-03
478,72,615,3,Next eye above collection throughout.,2025-06-20
479,26,103,4,Piece top seem individual behind.,2024-12-02
480,307,196,5,Central industry there vote.,2025-04-10
481,69,64,3,Suffer democratic race room keep.,2025-06-23
482,527,11,2,Without training natural moment college.,2024-11-24
483,309,811,1,Know list continue address adult.,2024-11-02
484,79,333,2,Outside kind magazine billion team.,2025-08-24
485,918,986,5,Though watch agreement.,2024-12-30
486,746,802,2,Still ability direction past wrong.,2025-03-26
487,657,562,1,Since wonder after early.,2025-01-21
488,782,484,5,Mr fast system test half sister think.,2024-12-24
489,983,744,2,Job sing morning generation.,2025-03-27
490,360,378,3,Change might me pull modern about.,2024-12-22
491,483,112,1,Mention staff over within election toward.,2025-10-17
492,53,664,1,Matter manager performance society hand.,2025-06-14
493,531,81,1,Man civil place you knowledge season magazine as.,2025-02-20
494,329,198,2,Us official itself camera provide determine.,2025-09-08
495,697,854,1,Be your us cultural woman.,2024-11-08
496,689,36,5,Talk hundred main.,2025-09-26
497,715,551,4,Green radio forward generation direction stage soon look.,2024-12-06
498,994,368,2,Relate voice modern leg.,2024-11-05
499,91,961,5,Report floor medical large population.,2025-07-07
500,426,828,5,Mouth personal course cause.,2025-03-02
501,279,561,4,Your find again.,2024-11-09
502,190,607,1,Mr turn job his.,2025-08-24
503,454,74,5,School pick knowledge million pretty argue behind.,2025-04-09
504,540,65,3,Phone court challenge later produce try.,2024-11-20
505,313,449,2,Thousand central somebody mother speech push.,2024-11-25
506,12,61,2,Quickly task even soon.,2024-12-09
507,225,220,1,Scientist music run themselves ask deep.,2024-11-28
508,767,557,1,Reflect quite cover lawyer between compare sport.,2025-07-08
509,327,208,2,My condition use manage soldier deep realize.,2025-05-26
510,715,844,3,Pm traditional surface trial attorney conference.,2025-06-10
511,944,362,1,Major father rate federal.,2025-01-19
512,656,847,2,Body choice participant international find structure very compare.,2025-02-19
513,720,178,2,Recognize worker side will she nice raise.,2025-05-11
514,175,494,2,Company only enter pretty.,2025-07-13
515,955,840,5,World itself yes value world partner where that.,2024-12-31
516,724,275,5,Improve total my happen opportunity.,2024-11-20
517,287,356,4,Management receive peace newspaper.,2025-02-07
518,957,117,1,Edge stop evidence impact your enjoy why.,2025-01-12
519,828,268,5,Research third establish describe key culture.,2025-03-17
520,174,255,2,Meeting in but out able.,2024-12-30
521,36,537,5,Election test though us recognize news main.,2025-05-04
522,677,813,3,Teacher available floor environment.,2025-09-17
523,980,493,5,School nice garden wonder.,2024-11-05
524,154,83,4,Message writer great long.,2025-10-20
525,35,886,1,Type beautiful drop camera service power.,2025-08-31
526,787,201,1,Hit successful people take challenge.,2025-10-11
527,822,708,3,Have establish sort represent.,2025-10-19
528,723,572,3,I many late value.,2025-08-24
529,737,149,1,Defense travel lay we less.,2025-05-24
530,499,178,3,Easy on appear.,2025-08-26
531,765,580,3,Tough art they various call.,2025-04-25
532,257,206,2,Bed treat foreign all offer.,2024-11-07
533,60,463,3,Require none management table do view.,2025-04-23
534,736,693,4,Away rest of.,2025-01-12
535,277,557,5,Most nice future happen very of.,2025-03-15
536,844,89,4,Month finish local democratic civil it.,2025-06-09
537,668,807,3,Push lawyer consumer performance.,2025-07-15
538,838,942,1,Medical organization sense scientist apply everyone one.,2025-08-15
539,642,10,4,Western billion able create product similar if natural.,2025-04-13
540,697,431,2,Chair try crime space behavior heart.,2025-03-16
541,235,603,5,Bad may six work letter.,2025-07-06
542,994,279,4,Ground federal customer.,2025-06-29
543,726,36,3,Attorney radio recently population.,2025-01-27
544,170,116,1,Hear before will thing build.,2025-07-25
545,216,655,4,Quality house amount leave wait American.,2025-02-19
546,483,335,5,Decade point apply become idea.,2025-02-03
547,151,1,1,Particularly take garden by land hotel.,2025-10-13
548,364,955,3,Certain husband candidate third who over anything mention.,2025-09-16
549,859,49,4,Within case up.,2025-03-13
550,304,416,5,Sing wrong after season whatever herself however.,2024-12-14
551,461,389,3,Later structure successful for performance can.,2024-10-31
552,64,636,5,Positive order teacher sing company music.,2025-01-15
553,794,454,2,Push operation score meet voice what attack.,2025-03-28
554,741,114,1,Politics dark he teacher.,2025-06-15
555,698,914,3,Future all continue happy position technology.,2025-07-20
556,197,255,3,Claim various work.,2025-04-30
557,764,342,1,Institution born top bank page.,2025-04-18
558,946,605,1,Trade next thus show.,2025-03-07
559,782,883,4,Question human tough memory good almost Democrat.,2024-11-17
560,527,533,5,Protect buy billion Mr shoulder free.,2025-01-22
561,888,460,2,Behind ever major really.,2025-07-30
562,610,61,5,Spend simple both structure personal blood.,2024-12-05
563,800,36,1,Security wide return stock local behavior responsibility.,2025-07-19
564,132,184,3,Democratic happen sure score process attention myself keep.,2025-05-14
565,338,897,3,Price establish single product.,2025-08-10
566,899,19,5,Respond investment camera arrive to turn security.,2025-08-11
567,209,160,5,Speak lay thus doctor half station early.,2024-12-20
568,872,458,3,There throughout popular in.,2025-02-22
569,124,475,2,Three seat visit science.,2025-05-01
570,535,588,4,Issue me office seat.,2025-05-27
571,340,356,1,Chance marriage husband physical message side.,2025-04-15
572,970,613,3,Whom magazine from election hit.,2025-03-31
573,867,359,2,Oil book couple mother film hair.,2025-07-17
574,717,356,5,Worry single quite role.,2025-06-18
575,922,763,4,Price establish the.,2025-06-15
576,459,863,4,In doctor leader.,2025-05-04
577,187,504,2,Ball concern radio federal civil enter.,2025-09-10
578,263,64,4,Court director lay during two.,2025-09-10
579,200,669,2,Detail two watch south next.,2024-10-24
580,708,658,3,Beyond high movement.,2025-07-03
581,364,984,4,Citizen also almost catch.,2025-09-28
582,904,466,2,Letter want with network catch.,2025-07-27
583,584,434,4,Radio attack card candidate.,2025-02-24
584,611,399,5,Everybody society his light discuss.,2025-08-17
585,447,574,4,A method tonight visit candidate indeed.,2025-03-22
586,316,703,2,Customer fall cost though.,2024-12-12
587,893,26,4,Should marriage night way respond big successful.,2025-06-18
588,10,984,2,Participant little read white central get through.,2025-03-15
589,198,192,3,Safe let never reduce drive at a nearly.,2025-01-08
590,828,108,5,Certain ago little avoid up performance this carry.,2025-04-06
591,589,458,1,End theory class important race evening so.,2024-10-26
592,964,547,2,Itself during back than.,2024-11-27
593,495,546,5,Lawyer word care.,2025-07-12
594,380,344,3,Network area bank although worry.,2025-06-13
595,596,21,4,Bring able bill station speak front serious.,2025-01-04
596,734,623,3,Woman special child system town give.,2025-01-11
597,847,794,4,Because cell use father free.,2024-12-31
598,934,640,2,Right share system field anything end.,2025-08-02
599,360,116,1,Trade close design drive.,2025-05-11
600,361,243,2,Authority admit nothing game.,2025-03-27
601,18,80,3,Democratic man attention.,2025-09-26
602,291,292,1,Item together dark participant school community.,2025-04-15
603,794,980,2,Huge adult until vote war life water.,2025-10-01
604,448,392,1,Customer pull its later bar challenge.,2025-06-21
605,173,764,1,Same growth west late.,2024-12-06
606,682,781,5,Week walk try focus scene treatment get.,2025-01-14
607,817,965,3,Hit create defense.,2025-04-18
608,486,234,1,Only century stage speak security would.,2025-04-26
609,938,753,4,Line pass memory.,2025-09-23
610,374,44,4,Woman lose court power doctor bill.,2025-09-07
611,499,329,2,Behind serious without fact.,2025-09-25
612,733,489,3,Wife structure have specific cold debate.,2025-10-05
613,382,33,5,Office we near story.,2025-07-29
614,946,971,5,Effect if father own check.,2025-08-05
615,308,361,4,Certain customer easy message resource.,2025-06-06
616,260,185,4,Student generation interview.,2025-02-28
617,651,815,1,Growth suddenly more tough a.,2025-04-15
618,440,787,3,Book federal maybe bring.,2024-10-30
619,658,67,5,Board seat about turn join notice remember.,2025-04-28
620,188,865,4,Amount effect close.,2025-03-15
621,585,222,4,Attention exist make worker picture.,2025-01-02
622,551,594,3,Our draw show article keep.,2025-06-25
623,635,81,3,Economy important hand city grow house bring.,2025-03-30
624,453,267,1,Travel edge analysis special fight.,2025-01-04
625,249,396,1,Unit environmental region woman growth.,2025-07-21
626,443,308,2,Worry run city society young.,2025-08-03
627,500,984,2,White indeed speech amount already.,2025-07-28
628,962,964,4,Food daughter market.,2025-02-20
629,785,473,5,Suggest very even clear pick character think.,2025-10-04
630,188,818,2,Before pick hundred better floor.,2024-11-29
631,167,536,3,Game much practice lawyer.,2025-04-06
632,676,26,3,Against example left.,2025-01-04
633,629,385,5,Authority there seem player through.,2025-08-23
634,532,885,4,Drive eight land paper as hope operation mind.,2025-03-09
635,696,199,4,Common south act theory finish.,2025-06-14
636,14,854,5,So particular with economy.,2025-06-09
637,69,302,4,Radio prevent street.,2025-07-04
638,210,511,5,Out material adult available own art.,2024-11-20
639,63,555,4,West second exist than bag important.,2025-04-25
640,247,736,5,Debate wall again Mrs.,2025-10-05
641,153,189,2,Image leg main.,2025-01-28
642,533,381,4,Job risk fight product similar weight.,2025-04-04
643,283,888,4,Mouth interview sign site matter bill five must.,2025-06-26
644,326,736,5,Growth get yet partner.,2024-11-22
645,401,417,4,No media job memory group run deep.,2025-07-03
646,541,656,4,He second knowledge protect thank person.,2024-11-07
647,541,114,1,Not TV practice look apply.,2025-07-04
648,830,813,2,Him road this evening effect interest put society.,2024-11-26
649,132,396,4,Clear put seem stay simply.,2025-10-13
650,380,487,4,Drop guy vote something month special.,2025-07-02
651,11,583,1,Decade of situation head citizen chair.,2025-08-06
652,6,400,1,Want task also feel.,2025-02-22
653,618,474,5,Buy away five prepare.,2025-09-12
654,707,55,4,Power personal hundred.,2025-05-14
655,238,12,2,Protect any while employee.,2025-07-25
656,391,393,1,Trade miss sort choice after star.,2025-02-16
657,768,122,1,Conference million eye.,2024-10-24
658,252,208,1,Discover one machine let.,2024-12-22
659,549,67,1,Beat fund believe personal laugh various.,2024-11-19
660,181,466,5,See how American take wonder fine worker free.,2025-09-22
661,232,995,3,American space add represent.,2025-03-14
662,522,376,1,Suffer from growth she collection.,2025-03-18
663,257,323,5,Once popular allow affect student.,2025-04-07
664,953,979,5,West newspaper some participant artist conference.,2025-03-06
665,457,21,3,Popular finally process drug pick unit.,2025-08-27
666,260,257,2,Media professional sign trouble second long world.,2024-11-30
667,205,339,4,Another will turn power Democrat tough.,2024-12-03
668,73,297,4,Same do really president.,2025-06-23
669,344,870,3,Goal marriage fish three three cell address concern.,2025-05-27
670,670,393,3,Near mother deep benefit truth include need.,2025-02-01
671,929,999,3,Drop official total.,2024-12-28
672,501,20,1,Character it matter group without.,2024-11-23
673,455,233,1,Theory play thank trial full girl such.,2025-02-21
674,59,551,2,Together top notice people.,2024-12-09
675,228,711,1,Several front commercial score relate nearly everyone record.,2025-04-13
676,565,986,1,Quickly guy will trouble few deal.,2025-05-07
677,895,863,3,Particularly order read imagine send catch.,2025-05-25
678,903,948,3,Parent rest read hospital unit course when.,2025-03-09
679,26,503,5,Peace tonight option expert husband.,2025-06-26
680,606,116,2,Letter risk across think during thing new.,2025-08-31
681,277,516,5,Despite only for line indeed central data.,2024-11-29
682,565,618,4,Feeling father century determine cause.,2025-04-05
683,363,141,1,Direction lot would reveal billion.,2025-10-17
684,231,840,2,Three wonder safe prepare decade teach sort.,2025-02-20
685,144,53,4,Economy after manager open couple.,2025-06-06
686,193,892,2,Compare western mouth voice church woman.,2025-10-02
687,934,111,2,Fill within upon senior.,2025-09-04
688,880,478,2,Trade those message possible week.,2025-01-15
689,766,661,1,Mr message what loss bag.,2024-10-31
690,335,371,1,Life word pass including stop moment.,2025-09-05
691,785,243,4,Mrs environmental box anyone account dark approach.,2025-10-01
692,496,411,3,Type news degree ground.,2025-03-13
693,502,715,5,From development left positive above.,2024-11-30
694,310,848,4,Respond voice book reason sure miss concern none.,2025-07-07
695,269,901,5,Part region water.,2025-05-08
696,133,801,4,Animal small raise need.,2025-03-19
697,563,222,3,Letter event school and summer.,2025-04-01
698,139,799,3,Truth information later number affect.,2025-05-03
699,873,406,4,President pick keep former buy side.,2024-10-24
700,781,332,3,Such trial sure source brother authority production.,2024-12-18
701,301,647,3,Old member various read eight understand focus.,2025-03-07
702,708,960,5,Responsibility build only another.,2025-09-07
703,464,242,4,Building send during choose cup character great.,2025-04-26
704,476,748,2,Safe reveal level people rise.,2025-02-28
705,247,931,3,Civil fly culture production.,2025-01-17
706,630,669,1,Build store security security nearly.,2024-11-06
707,349,243,3,Test follow far trip his offer.,2024-12-22
708,133,997,5,Need real short strong less.,2025-03-11
709,426,451,5,Record experience design develop early.,2025-10-21
710,10,869,5,Nation population to.,2025-08-21
711,876,693,3,Since this use read feeling picture nature.,2025-04-19
712,98,793,5,Before general without measure thing important.,2025-02-21
713,656,246,2,Together popular exactly hear able central trip.,2025-09-16
714,586,100,4,Low gas from fish fall party oil.,2025-01-16
715,627,957,2,Follow sometimes name address.,2025-05-03
716,922,429,2,Admit production political movement she thus before.,2024-12-07
717,46,575,2,Deal news more source just many.,2025-07-30
718,938,21,4,Across important phone that return image tend husband.,2024-11-12
719,986,353,3,Write professor parent where.,2025-09-06
720,519,42,5,Resource fact recognize force green world type.,2025-04-26
721,856,669,1,Inside himself through long.,2025-04-19
722,609,499,4,Become yet network trade kind camera describe no.,2024-11-09
723,472,542,5,Inside real after bit cell whose leave.,2025-08-25
724,917,663,5,Teacher social dog prevent school.,2025-02-14
725,503,856,3,Whose themselves weight table worker thought possible.,2024-12-08
726,705,298,3,Program course she choice.,2024-12-06
727,197,194,4,Her east expect way outside past.,2025-08-06
728,942,66,1,Bar phone hotel kind feel report knowledge.,2025-05-06
729,166,762,1,Probably their teacher miss activity imagine culture.,2025-05-01
730,18,834,1,Far see page reduce.,2025-04-13
731,742,702,3,Brother Mrs sister rest.,2025-03-19
732,27,105,5,Score page force bill story usually recognize.,2025-01-16
733,100,41,1,Eye coach security account pattern.,2025-09-11
734,180,524,2,Effect cell social cause.,2025-07-24
735,181,172,1,City discussion effort arm responsibility job.,2025-08-07
736,897,298,3,Skin able poor condition often week.,2025-02-16
737,534,532,1,Member point soldier data spring determine.,2024-12-15
738,218,718,2,Dinner size free debate good.,2024-12-06
739,202,813,2,Little thought movie region shake safe often.,2025-05-31
740,539,571,1,Skin ok write ask join mother.,2025-08-07
741,541,612,4,Offer large suffer full.,2025-09-04
742,997,324,3,Give baby follow six continue occur.,2025-05-24
743,918,776,3,School pay media maybe campaign size value.,2025-06-30
744,779,518,1,Republican choice away discover deep election.,2025-08-16
745,50,798,5,Item south big everybody.,2025-02-15
746,480,661,1,Water spend crime threat raise room decade.,2025-01-19
747,879,621,3,Remember traditional little toward tax claim fall.,2025-06-19
748,810,492,2,War mother arm both drive television.,2025-09-11
749,651,159,2,What wide defense century.,2025-08-15
750,777,215,4,Bag campaign president cause fear politics.,2025-09-19
751,970,757,2,Leader white brother party west.,2024-11-25
752,87,48,3,Somebody water yes prevent.,2025-10-12
753,922,110,5,Resource occur specific serious practice.,2025-05-13
754,58,784,3,However southern nor product similar pick writer.,2025-03-15
755,858,778,5,Day fund picture camera mother another through.,2025-04-26
756,133,652,4,So fear word actually parent point attorney.,2025-01-13
757,627,57,5,Effort decade article education treatment.,2024-10-21
758,863,942,2,That conference plan red.,2025-05-12
759,402,934,3,Book process down show feeling finally example paper.,2025-10-18
760,391,105,3,Item American pull clearly order.,2025-01-05
761,986,993,2,Office expert beyond nice recently.,2025-01-10
762,718,487,4,Real fire character argue cut shake left.,2025-04-19
763,391,651,5,Population responsibility after usually else.,2025-08-01
764,45,88,5,Fast million necessary however special name worker.,2025-06-22
765,279,452,1,Far fight degree.,2025-04-01
766,300,219,1,Investment campaign stuff your term true.,2025-01-26
767,940,706,5,Share book guy list detail artist.,2025-01-22
768,235,412,4,Plan stand fact south.,2025-09-19
769,68,328,5,Can risk professional police staff speech attention.,2025-10-11
770,251,348,4,Staff bill argue example treatment require.,2025-04-06
771,486,596,2,Less film around religious.,2024-11-05
772,146,410,5,Fear defense scientist under bar.,2025-05-11
773,706,377,2,Role talk of attention site hope.,2025-07-28
774,405,31,2,Mr hit participant third sister mention.,2025-09-14
775,700,281,5,Choice wall company light position.,2025-09-15
776,857,525,2,Travel none approach seat receive commercial activity.,2025-09-08
777,656,955,5,Movie possible officer boy suddenly shoulder manage.,2025-09-01
778,453,680,1,From once standard.,2025-09-26
779,932,74,1,Staff personal environment decade fish.,2024-10-24
780,322,924,4,When before item care figure.,2025-10-18
781,829,701,2,Difference run computer day others rich stay.,2025-01-03
782,395,791,3,Sound work condition state.,2025-10-12
783,79,335,3,Class ready world cell say drop.,2024-12-31
784,241,107,4,Attorney now gun history.,2025-06-22
785,217,826,3,Support certain song enter.,2025-05-24
786,448,114,3,Require network toward north.,2025-07-27
787,887,919,5,Public finish hear thing country try face.,2025-05-17
788,508,953,5,However cell lay by beyond ten capital.,2024-11-19
789,39,938,2,Product foot foreign world.,2024-11-29
790,889,768,2,Lawyer later state final tree painting.,2024-11-29
791,438,621,2,Let whole building positive able well ahead.,2025-07-08
792,875,548,1,Small put drug.,2025-09-05
793,284,636,1,Station issue each store message debate.,2025-03-12
794,37,176,1,Even half senior laugh fill whose.,2024-10-27
795,330,458,5,Center fine exactly it.,2025-05-29
796,644,144,3,Get price use above list try like term.,2025-04-18
797,60,558,1,Other some very.,2024-12-09
798,68,409,3,Have standard join occur them.,2024-10-22
799,117,755,3,Enough fly chance cut popular establish.,2025-01-10
800,304,66,2,Car throw deep gas.,2025-09-03
801,808,419,3,Could conference seem husband.,2025-08-20
802,644,169,5,End some production degree how natural process.,2025-06-06
803,38,652,3,According stay color people whom writer many best.,2025-09-11
804,738,480,1,Foreign student each station list.,2025-02-24
805,593,915,2,Consider spend beyond rock media place more term.,2025-01-08
806,878,773,3,About help never attorney.,2025-03-20
807,914,264,4,New expert wait safe they.,2025-01-12
808,227,561,3,Purpose common moment car through whether.,2025-08-17
809,146,913,1,Wear live citizen truth about rather authority particular.,2025-07-27
810,549,295,1,Head easy marriage body better hard receive.,2024-11-07
811,740,535,2,Somebody the second charge rock return run anyone.,2025-07-30
812,897,591,5,Fire you talk yes.,2025-09-07
813,71,542,5,Part evening direction no nor.,2025-07-24
814,672,396,4,Want low wrong early authority enter blue.,2024-11-19
815,94,232,2,Interview beyond front establish nearly.,2025-01-22
816,571,543,3,Sister evening even task up.,2025-08-05
817,329,281,4,Opportunity worry admit hard happy.,2025-02-11
818,115,941,5,Join shoulder budget throughout.,2025-02-05
819,974,840,1,Class goal according foot great by.,2025-03-16
820,247,252,4,Least will force risk table.,2025-02-23
821,104,238,2,Significant care shake.,2024-12-11
822,489,595,5,Alone education skill discover three can.,2024-12-08
823,687,419,2,Relate year star.,2025-05-11
824,154,43,2,Throw report guy yard truth for dark economic.,2025-04-03
825,600,821,5,Marriage bit college boy not everybody blood.,2025-01-26
826,470,635,2,Magazine be central phone article.,2024-11-24
827,60,965,3,Loss special person unit suddenly important.,2025-08-11
828,568,465,1,None him fear perform never.,2025-07-04
829,89,922,3,Air indeed rate write.,2025-01-29
830,404,760,1,Picture current past outside early act.,2025-10-03
831,146,571,2,Production between conference prove.,2025-05-25
832,144,479,5,Among position now if data yes training.,2025-10-18
833,644,273,1,Production interesting news forward ability.,2025-05-29
834,556,131,4,Need minute song its.,2024-11-28
835,996,339,4,College sport scientist ever.,2025-10-05
836,252,784,5,Popular interview PM response.,2025-09-05
837,363,632,1,Manager item say money story after.,2025-02-26
838,201,812,5,Seat option impact daughter offer sign.,2025-10-20
839,500,117,4,Full stage majority fine particular PM.,2025-01-11
840,113,723,4,For gas say per spring explain music.,2025-05-30
841,186,807,2,Could beautiful series rate site hand.,2025-04-18
842,698,807,4,Might fish send daughter director.,2024-12-01
843,194,336,4,Like white because mother.,2024-10-31
844,46,183,5,Military company hold prepare news.,2025-08-25
845,822,434,5,Sign level anything.,2025-03-05
846,275,484,4,Direction necessary not thank hour effect.,2024-12-24
847,655,419,5,Daughter carry budget sing answer number.,2025-05-07
848,815,714,1,Admit trial start lose on the particular.,2025-05-04
849,320,916,3,Manager beyond last laugh draw.,2025-03-08
850,395,728,5,Strategy air anyone study contain fast two chair.,2025-04-18
851,228,478,5,Speech former finish that weight three whom.,2025-03-14
852,482,761,5,Argue style question operation budget important artist.,2025-01-31
853,187,694,5,Indeed under news hour yet pass thousand fall.,2024-11-14
854,610,251,1,Decision series whole garden indeed stage standard somebody.,2025-09-08
855,170,470,1,Situation truth production address man such.,2025-01-03
856,672,951,4,Page above discussion build far.,2025-03-03
857,981,117,5,Gas player relate suggest community hear modern.,2025-06-21
858,891,433,4,Check watch think information child big.,2025-09-26
859,42,211,5,Total conference Democrat reason check.,2025-05-24
860,928,674,2,Listen test image this your work democratic.,2024-12-01
861,723,786,2,Clearly low interest stand including exist simple.,2025-02-25
862,875,306,5,Table operation form short quickly section.,2025-01-18
863,323,407,4,Receive better what course statement.,2025-09-03
864,155,747,1,Language note she anything none pressure fear.,2025-06-19
865,774,68,3,Job activity seat land future.,2025-03-18
866,958,337,1,Staff go yourself another involve box magazine sea.,2024-12-23
867,270,723,3,Half central occur.,2025-06-08
868,969,914,1,Pressure measure alone sea thus whatever other.,2025-03-06
869,369,797,5,Part yourself section international special share.,2024-11-15
870,732,867,3,Speech kitchen customer state see despite positive.,2025-02-07
871,847,397,3,Possible form positive another.,2025-06-28
872,470,465,3,Everything those lot when manager and able.,2025-04-13
873,164,491,4,Live east charge cut order little.,2024-11-30
874,742,710,4,Through soon letter under.,2025-01-17
875,782,285,1,Safe agent to.,2025-08-05
876,758,829,3,Much window then until must quite but.,2025-07-31
877,973,896,3,Gun behavior room responsibility machine child police.,2025-07-24
878,102,800,4,Describe pay test back trial claim public.,2025-03-07
879,350,755,1,Tv rock charge school.,2025-01-24
880,651,452,3,Choice think campaign manage affect move success everything.,2025-04-18
881,210,19,4,Ask right director.,2025-02-10
882,69,732,3,And here director small ready away need.,2025-03-27
883,382,935,1,Walk positive election smile test before consider open.,2024-10-28
884,726,961,2,Reality maybe simply lot follow individual performance.,2025-10-01
885,747,184,5,Go why understand myself bank material purpose.,2025-05-27
886,255,544,3,Carry note street lay guy.,2025-10-19
887,803,641,4,Current all factor increase former teacher.,2025-06-29
888,890,588,1,Place hit little paper however pay.,2025-06-01
889,154,626,1,East three beyond happen idea.,2024-11-14
890,641,832,4,Animal do hundred education door.,2025-01-19
891,739,840,5,Management wrong painting significant rise.,2024-12-10
892,653,1,3,Light piece produce.,2024-10-26
893,739,358,5,Capital make baby him she population write several.,2025-02-21
894,473,203,4,Alone possible ok close election end popular.,2024-10-26
895,330,859,5,Street event public really trip child local.,2025-07-21
896,601,718,4,Same win explain join doctor speech.,2025-01-08
897,131,974,5,Help cut public no market about year pretty.,2025-07-18
898,534,346,2,Continue herself serious paper star ready open.,2025-03-15
899,409,348,5,Assume so each market together admit.,2025-09-25
900,549,660,2,Many act assume ask approach contain.,2025-10-10
901,207,701,3,Plant inside even try customer.,2025-06-17
902,504,589,1,Relate difficult represent north space still.,2025-04-11
903,407,908,2,Here article region lose.,2025-03-02
904,574,723,1,Community billion yet about daughter trade fight fall.,2025-09-19
905,341,256,4,Learn red American affect million modern trouble.,2025-04-15
906,309,365,2,Probably wonder laugh account prevent usually.,2025-04-25
907,593,729,5,Report lead already see only perhaps around address.,2025-04-24
908,721,645,1,Professor great single measure say happen enough.,2025-08-19
909,968,294,1,Parent tough specific production food seven help.,2025-06-21
910,807,853,1,Sport expect reduce amount white natural really human.,2025-07-23
911,168,742,3,No strategy result age even significant soon.,2025-04-23
912,345,302,4,Talk everything personal company.,2025-02-20
913,305,988,5,Recent two physical share population.,2025-06-26
914,601,605,1,Seat pay American already question often.,2025-01-23
915,855,83,4,Dark class buy subject community.,2025-06-29
916,704,945,3,Life institution exist maybe produce.,2025-04-26
917,736,888,3,Coach guy game school director itself.,2025-05-19
918,835,767,5,Black leave push.,2025-04-26
919,511,846,5,Trade popular process weight section want particularly.,2025-01-21
920,2,116,2,Face to hold serious action.,2025-08-29
921,386,532,1,Recently story floor western task agency.,2025-07-05
922,600,428,4,Hand yes message under.,2025-05-07
923,624,912,4,Investment stay debate machine outside watch result will.,2024-11-15
924,261,203,5,Prepare artist or professional.,2025-07-21
925,747,170,5,Show realize when tend everyone.,2025-05-15
926,86,701,1,World plan clear magazine film several southern evening.,2025-08-14
927,257,68,4,The among collection everybody write.,2024-11-11
928,628,321,1,Join represent firm.,2025-04-27
929,265,273,4,Reality foreign billion religious.,2024-12-20
930,613,293,1,Else size upon catch might imagine worry.,2025-02-05
931,81,645,5,Point something relate right movie find.,2024-11-07
932,151,825,2,Difference ten effect friend them.,2025-03-04
933,658,379,3,Man than land Congress.,2025-02-28
934,792,781,4,Ready his claim down another.,2025-09-06
935,464,304,5,Adult management above no speech face close.,2025-09-01
936,604,19,5,Throw the interview sound agreement design design.,2025-08-06
937,154,698,3,Director claim what southern possible laugh.,2025-02-17
938,505,612,2,Product play pretty paper focus.,2025-06-07
939,986,291,2,Social down edge that everything property expert.,2024-12-31
940,458,817,5,Just hear financial story hospital low important.,2025-04-22
941,736,336,5,Base protect yourself adult feeling military.,2024-10-21
942,661,478,2,Not agreement door identify.,2024-11-20
943,562,579,1,Thus possible matter bank.,2025-02-19
944,378,555,4,Enjoy discover pattern democratic station section.,2025-04-29
945,235,771,1,Make teach impact leg serious.,2025-07-01
946,557,351,4,Weight modern bit risk civil idea.,2025-06-11
947,198,568,1,Town word natural represent PM marriage politics thing.,2025-05-09
948,771,648,2,Sort recognize doctor response coach.,2025-06-05
949,841,743,2,Local career newspaper.,2025-01-06
950,262,104,1,General election a sometimes behind practice.,2024-12-12
951,392,308,2,Fast fire cell major.,2024-10-31
952,612,155,3,Really four huge information bed on represent.,2024-12-06
953,220,424,2,Approach item wife degree mind.,2025-02-14
954,525,672,3,Half company people.,2024-12-22
955,728,926,4,Kitchen man choice leader network country.,2025-08-16
956,698,350,4,Market cell toward other great ahead rich.,2025-06-01
957,742,818,5,Almost cup quite that road.,2025-04-03
958,973,210,3,Table base simple bag Democrat.,2025-07-10
959,277,790,3,Once safe make.,2025-01-25
960,340,179,2,Whatever six name style action station reduce.,2025-09-09
961,894,843,1,Also level good.,2025-05-28
962,666,437,3,Treatment kind sea effort.,2025-06-02
963,390,301,1,Data carry performance teacher.,2025-04-16
964,141,779,5,Entire understand break manager talk bit yourself whether.,2025-07-01
965,350,206,5,Surface coach dinner front.,2025-08-11
966,99,55,1,Would product reflect current quality various recognize.,2024-11-01
967,634,11,5,Project even report ago.,2025-04-24
968,638,684,2,Time effect bill personal meeting radio heart loss.,2025-03-25
969,517,46,5,Now knowledge loss.,2025-08-10
970,944,578,2,Always debate administration huge off economic big.,2024-11-21
971,601,984,2,Soldier discussion bank almost public grow game reach.,2025-07-29
972,507,603,5,Popular main reality well success hundred.,2024-12-23
973,121,933,3,Here alone note trouble model method trip.,2025-07-19
974,81,388,1,Maintain change reason campaign owner have.,2024-11-28
975,188,666,5,Establish car court few history travel.,2025-05-15
976,777,976,1,Role ready design our.,2025-09-14
977,836,706,3,Establish they opportunity art.,2025-03-05
978,569,708,3,Weight benefit drive there.,2025-07-03
979,929,500,1,Miss three within example.,2025-02-27
980,636,773,4,Experience six goal once less.,2025-01-12
981,184,928,5,Its ever national admit street rule write.,2025-07-25
982,998,922,4,Now give expect not value any newspaper.,2025-06-23
983,600,106,2,None brother message.,2025-10-13
984,870,183,4,Will training social early hear lot financial across.,2024-12-05
985,574,44,3,Although rule good just teach against then.,2025-04-20
986,228,717,2,Fly above break region much.,2025-10-03
987,987,152,5,Receive health available Mr miss clear.,2025-07-27
988,193,282,1,Region quickly large above.,2025-01-03
989,458,514,3,Both turn environmental network station especially meet.,2025-05-13
990,130,98,5,According fly everybody movement together.,2024-12-31
991,466,315,4,Whatever actually study benefit.,2025-02-05
992,947,622,3,Drive raise political government across tend.,2025-05-05
993,211,703,1,Sometimes example live stock.,2024-12-16
994,947,809,1,Cell student attack analysis figure ago.,2025-01-26
995,846,364,1,Kind respond nation check very.,2025-08-31
996,308,459,5,Current level rich majority design.,2025-02-25
997,820,512,2,Across baby low.,2025-10-18
998,513,300,1,Nor public drive seat thank matter admit low.,2025-04-19
999,248,855,4,Avoid total care site.,2025-07-10
1000,233,268,1,Put so think similar.,2025-07-25
