SupplierID,SupplierName,Contact,Country
1,Pittman and Sons,bmeyers@example.com,Korea
2,Porter PLC,johnwilliams@example.org,Pitcairn Islands
3,Smith Inc,erica98@example.net,Madagascar
4,"Hunter, Jones and Robinson",joshuajacobson@example.net,Heard Island and McDonald Islands
5,Lawson-Weaver,bbradley@example.org,Uganda
6,Sandoval LLC,steven02@example.net,Comoros
7,Pennington-Price,terrysteven@example.org,Seychelles
8,Clark-Alvarado,phillipsgregory@example.net,Montenegro
9,Miller LLC,kmartinez@example.org,United States of America
10,Mcclure-Carney,andersonjames@example.org,Yemen
11,Santos and Sons,oneilldawn@example.com,Sudan
12,"Montgomery, Walker and Campbell",leashley@example.net,Paraguay
13,Garcia Group,ronaldhines@example.net,Isle of Man
14,"Jackson, Green and Cobb",josepalmer@example.net,Bhutan
15,"Lopez, Powell and Flynn",gcampos@example.net,Bolivia
16,Cortez-Davidson,steincindy@example.org,Faroe Islands
17,Garcia Group,meadowssherry@example.org,Bangladesh
18,"Smith, Lawrence and Lopez",matthewcuevas@example.com,Denmark
19,Lang-Evans,christophercummings@example.org,Gambia
20,Jenkins Group,charles36@example.com,Senegal
21,George LLC,jacobharrison@example.org,Sao Tome and Principe
22,Lee-Higgins,rachelcruz@example.org,El Salvador
23,Freeman-Rodriguez,simsadam@example.net,Cuba
24,Marshall LLC,iadkins@example.net,Singapore
25,Carter and Sons,candice42@example.com,Marshall Islands
26,Murray Inc,thomaschang@example.org,Cocos (Keeling) Islands
27,"Smith, Jones and Johnson",jenniferbutler@example.org,Philippines
28,Mcintyre-Rice,vlawson@example.net,Chile
29,Price-Nixon,baileyashlee@example.net,Brunei Darussalam
30,Randolph LLC,johnnguyen@example.org,Isle of Man
31,Murphy-Peters,jessica31@example.org,Guyana
32,Lopez PLC,gonzalezerin@example.org,Moldova
33,Hanna-Copeland,mitchelljames@example.org,New Zealand
34,Callahan-Underwood,dhayes@example.com,Niue
35,Johnson-Harrison,kellydaniel@example.com,Romania
36,Mays Inc,oneillstanley@example.com,Belgium
37,Johnson-Lee,thomasmelissa@example.org,Falkland Islands (Malvinas)
38,"Cooper, Mcdowell and Dawson",krystal64@example.com,Venezuela
39,"Caldwell, Foster and Macias",nancyrogers@example.net,Lithuania
40,Stevens-Perez,spreston@example.org,Chad
41,Kane-Ortiz,angela61@example.com,Marshall Islands
42,Ruiz LLC,bonniepaul@example.net,Burundi
43,Roberts-Davis,anthony42@example.com,United Arab Emirates
44,Holland-Smith,alanharris@example.com,Belgium
45,Melton-Cruz,laura56@example.com,Azerbaijan
46,Macias-Reeves,burtonwilliam@example.com,Luxembourg
47,"Brewer, Dawson and Wyatt",nicolesmith@example.net,Bosnia and Herzegovina
48,Owen Inc,nmontoya@example.org,Kuwait
49,Davis-Benson,hmorales@example.com,Peru
50,"Hartman, Johnson and Jones",panderson@example.net,Dominica
51,Lynch-Brooks,karaperry@example.net,Pakistan
52,Hill-Williams,foleyjustin@example.org,Bhutan
53,Anderson Group,dianemclean@example.net,Korea
54,"Lopez, Sanchez and Sweeney",jonescynthia@example.com,Pakistan
55,Diaz-Ho,daniel95@example.net,Japan
56,Mullen-Wright,vpaul@example.org,Marshall Islands
57,Roth Group,brianjoseph@example.net,Malawi
58,Olson-Sampson,hornejanet@example.com,Mayotte
59,"Monroe, Silva and Gutierrez",maygary@example.net,Eritrea
60,"Norman, King and Smith",johnwilliams@example.org,Iraq
61,Robles and Sons,mpollard@example.org,Isle of Man
62,Allen-Mays,scottsaunders@example.org,Bangladesh
63,Miller-Barnett,tiffanyjimenez@example.net,Djibouti
64,"Bradley, Wilson and Gomez",tcohen@example.org,Korea
65,Parks Group,joseph18@example.com,Chad
66,"Graves, Brady and Clark",christinerodgers@example.net,Brazil
67,Oliver Inc,robert45@example.org,Myanmar
68,"Gilbert, Taylor and Johnson",dmann@example.com,Mali
69,Alvarado-Smith,ghartman@example.net,Antigua and Barbuda
70,Trevino Group,klopez@example.net,Mali
71,Blair Inc,john43@example.net,Seychelles
72,Edwards-Gonzales,wstanley@example.org,Madagascar
73,"Dean, Myers and Reed",matthew92@example.org,Serbia
74,Morales-Singh,jenkinsjonathan@example.org,Ethiopia
75,"Andrews, Pearson and Villa",wheelernicole@example.org,Turkmenistan
76,Zimmerman Ltd,hjohnson@example.org,Equatorial Guinea
77,"Warner, Reyes and Simon",escott@example.net,Honduras
78,"Skinner, Pearson and Deleon",romerojohn@example.com,Guernsey
79,Fields and Sons,philipmoore@example.org,Kuwait
80,"Ellis, Estrada and Briggs",alexandertapia@example.org,Brazil
81,Baker-Miles,ubrown@example.com,Dominican Republic
82,Nelson Group,berrydebra@example.com,Venezuela
83,Moore-Jackson,ryan77@example.com,Liberia
84,Peterson-Anderson,tcole@example.com,Comoros
85,"Scott, Jones and Reeves",millerkathy@example.org,Paraguay
86,Romero and Sons,whitesean@example.net,Botswana
87,White and Sons,marylarson@example.org,French Guiana
88,Carter-Vargas,justindelgado@example.com,Western Sahara
89,Young-Gardner,fgray@example.org,Poland
90,Washington PLC,utaylor@example.com,Switzerland
91,Rogers-Smith,walteryesenia@example.com,Wallis and Futuna
92,Hanson-Deleon,staceycortez@example.com,Ireland
93,"Carter, Allison and Harris",clintonpacheco@example.net,Liberia
94,"Chambers, Richard and Shannon",wardjoseph@example.net,Nicaragua
95,"Soto, Hill and Cabrera",lauren72@example.com,Philippines
96,Lee Group,monique52@example.net,Morocco
97,Paul LLC,espinozaangela@example.org,Korea
98,Park LLC,nmontgomery@example.org,Benin
99,Calhoun-Chambers,ywagner@example.com,Australia
100,Carlson-Lowery,spearstara@example.net,Lesotho
101,"Miller, Lowe and Wood",yray@example.org,Macao
102,"Ross, Hall and Owens",ffitzpatrick@example.org,Japan
103,Hunt and Sons,phillipward@example.net,Uganda
104,Carey-Weeks,uowens@example.net,Madagascar
105,"Brown, Wright and Rodriguez",qgraves@example.net,Hong Kong
106,"Jackson, Brown and Harper",ojones@example.org,United States of America
107,Chen and Sons,tweber@example.com,Bangladesh
108,"Yates, Lynch and Murphy",walexander@example.net,Uganda
109,Ward-Thomas,gloriamurray@example.org,Iraq
110,Obrien-Martin,tinacordova@example.com,Fiji
111,Forbes and Sons,josephrichardson@example.org,Lesotho
112,"Wood, Hodges and Walton",joseph67@example.net,Nauru
113,"Hill, Roberson and Alvarado",rwashington@example.org,Eritrea
114,Miranda and Sons,jameslove@example.com,Cuba
115,Cook Inc,brownjenny@example.com,Jersey
116,Underwood Ltd,fieldskristine@example.com,Sweden
117,"Robinson, Berger and Shepard",bbrown@example.net,Vanuatu
118,"Johnson, Blackwell and White",williamclark@example.com,Romania
119,"Martinez, Burgess and Warner",briandavidson@example.net,Serbia
120,Robinson Inc,sarah79@example.org,Peru
121,Brown LLC,andrew80@example.net,Guam
122,Rivera-Jackson,bobbysmith@example.com,Oman
123,"Martin, Young and Sparks",wjordan@example.com,Denmark
124,White and Sons,bcarpenter@example.com,Liechtenstein
125,"Roberson, Moore and Kennedy",alexandra38@example.net,Bahamas
126,"Underwood, Chung and Hensley",joseph23@example.com,Samoa
127,"Cobb, Crawford and Monroe",mking@example.net,South Africa
128,Hines-Grimes,johnsonkelsey@example.net,Gibraltar
129,Palmer-Allen,sarahyates@example.org,Saint Vincent and the Grenadines
130,"Robinson, Rodriguez and Johnson",anthonymendez@example.org,Cook Islands
131,Jenkins PLC,christopher65@example.org,Korea
132,Kaufman-Leblanc,michael11@example.net,Mongolia
133,Stevens Inc,caldwellshannon@example.net,Indonesia
134,Peterson-Stevens,scottkyle@example.com,Bangladesh
135,Hobbs PLC,jonathansmith@example.net,Estonia
136,Brandt-Hunt,luisrich@example.org,Lebanon
137,Santiago-Jacobs,loriharris@example.net,Trinidad and Tobago
138,"Luna, Rivas and Becker",donna21@example.org,Estonia
139,Duke-Martinez,hardyelizabeth@example.com,Lesotho
140,Olson Inc,ruben32@example.com,Bangladesh
141,Freeman Inc,davisbrittany@example.com,Holy See (Vatican City State)
142,Cox-Davis,tonya72@example.com,Christmas Island
143,Cortez Group,angelbond@example.net,Rwanda
144,Hodges-Weaver,pkrueger@example.net,Northern Mariana Islands
145,Coleman and Sons,wmartin@example.org,Canada
146,Arias-Leonard,alexisrodriguez@example.net,Singapore
147,Simon LLC,bpotter@example.org,Mexico
148,Marquez-Morales,carly88@example.com,Sierra Leone
149,Ramos Group,kevinlee@example.com,Mexico
150,"Johnson, Calhoun and Williams",bellis@example.net,Israel
151,Carson and Sons,rperez@example.net,Kyrgyz Republic
152,Gonzales-Gonzalez,cameronnancy@example.net,Tanzania
153,Holmes-Perez,ellistonya@example.com,Bahamas
154,Charles PLC,wbrooks@example.net,Heard Island and McDonald Islands
155,"Glass, Morales and Figueroa",haynesmichael@example.com,Saint Martin
156,"Branch, Brewer and May",cdennis@example.net,Comoros
157,"Taylor, Macdonald and Rodriguez",andersonsandra@example.org,Bhutan
158,"Watson, Knight and Robinson",walkerlisa@example.org,Northern Mariana Islands
159,Watson LLC,ywilkerson@example.com,Solomon Islands
160,Hawkins PLC,jamesyates@example.com,Turks and Caicos Islands
161,"Gonzalez, Johnson and Malone",uespinoza@example.net,Brazil
162,Perez Group,nathan50@example.org,Kyrgyz Republic
163,King-Collins,francis11@example.net,Slovakia (Slovak Republic)
164,"Carter, Mathis and Nichols",robin90@example.org,Guinea-Bissau
165,Walton-Kelly,blackwellricky@example.net,Jamaica
166,Hodges LLC,jennifer10@example.org,Israel
167,Lopez PLC,yeseniarobinson@example.com,Bosnia and Herzegovina
168,"Vazquez, Maynard and Watkins",faith68@example.org,Antarctica (the territory South of 60 deg S)
169,Fox LLC,colinmccann@example.org,Turkey
170,Bruce PLC,phillipstara@example.net,Greece
171,Edwards-Warner,kenneth84@example.net,British Virgin Islands
172,"Sullivan, Mata and Hernandez",paul98@example.net,Finland
173,Gray Ltd,crystalnelson@example.net,Peru
174,Stuart-Henry,rachel06@example.org,Kiribati
175,Wagner Ltd,meghanparker@example.com,New Caledonia
176,"Mendez, Young and Osborne",kellytanner@example.org,Bahrain
177,"Huynh, Harmon and Flowers",haydencharles@example.net,Costa Rica
178,Anderson-Cooper,brittanybrooks@example.com,Saint Martin
179,"Ortiz, Roy and Gomez",joseph16@example.com,Hong Kong
180,Hoffman and Sons,ericksonjohn@example.com,Zambia
181,Sanchez-Brown,ewilliams@example.net,Martinique
182,"Smith, Black and Flynn",keith11@example.org,Anguilla
183,"Madden, Stewart and Galvan",davidcaldwell@example.net,Netherlands Antilles
184,Moore PLC,alyssatorres@example.net,Uruguay
185,Andrews and Sons,leebrown@example.com,Mauritania
186,Jacobs-Robles,grayjustin@example.net,Brazil
187,"Cline, White and Marks",julian37@example.org,Bhutan
188,"Porter, Carpenter and Mcneil",fischerdavid@example.net,Gabon
189,Guzman and Sons,dpeterson@example.org,Dominican Republic
190,"Moss, Mann and Rivera",edwardpowers@example.com,Swaziland
191,Williams-Clark,bobbyroach@example.net,Afghanistan
192,Grant Ltd,jasonrangel@example.org,Cape Verde
193,"Peterson, Burke and Lee",uchambers@example.com,Latvia
194,Duran Ltd,fortega@example.com,Ecuador
195,Nichols PLC,hernandezkeith@example.org,Marshall Islands
196,Compton-Miller,swalker@example.com,Peru
197,Park LLC,wlittle@example.org,Montserrat
198,Bray-Payne,rodriguezmary@example.net,Jamaica
199,Jackson-Kim,huffmanangela@example.net,Turkmenistan
200,Allen-Conrad,traceyhunter@example.com,Guernsey
201,Craig-Mayo,andrew68@example.net,Mongolia
202,"Cole, Hayes and Robinson",robert89@example.org,Indonesia
203,Ingram Ltd,traviskrause@example.net,Croatia
204,Kim Group,crawfordjeffrey@example.net,Guinea-Bissau
205,"Webster, Espinoza and Pace",barbarabarker@example.net,French Guiana
206,Alvarado-Nguyen,kathy47@example.com,Kiribati
207,"Buckley, Russo and Jones",osbornangela@example.org,Singapore
208,Joseph PLC,veaton@example.org,Congo
209,"Castro, Allen and Watson",pricechristopher@example.com,Bosnia and Herzegovina
210,Green-Buck,foxphillip@example.com,Norfolk Island
211,Beasley LLC,davilagail@example.com,Canada
212,Anderson-Cherry,vicki74@example.net,Burkina Faso
213,Wolf LLC,perkinscarlos@example.org,Singapore
214,Murray Group,iansilva@example.com,Slovakia (Slovak Republic)
215,"Nelson, Johnson and Smith",butlerjessica@example.com,Colombia
216,Wilson Ltd,sarahdouglas@example.net,Niue
217,Smith-Russo,kschneider@example.com,Hong Kong
218,Davis-Walker,iwilson@example.net,Canada
219,Flores and Sons,adam53@example.net,Argentina
220,"Martin, Lewis and Rose",gomezdrew@example.com,Guatemala
221,Barker-Wheeler,moranpatricia@example.org,Sri Lanka
222,Allen PLC,beckerdaniel@example.com,India
223,"King, Tucker and Cruz",johnsanchez@example.net,Saint Vincent and the Grenadines
224,"Rose, Davis and Moore",angela29@example.org,Iraq
225,Harris and Sons,falexander@example.net,Turkey
226,Arroyo Ltd,danielray@example.com,Bahamas
227,Jones-Montes,fknight@example.net,Chad
228,Jenkins and Sons,jesus01@example.net,South Georgia and the South Sandwich Islands
229,Harris Ltd,jonesjohn@example.net,Japan
230,"Smith, Nelson and Hernandez",joshuamccall@example.org,Belgium
231,Turner LLC,patrick57@example.com,Swaziland
232,"Miller, Scott and Carroll",mcdonaldmatthew@example.net,Taiwan
233,Jensen-Jackson,ariley@example.net,Bouvet Island (Bouvetoya)
234,"Davis, Stevens and Rowland",jacksonrichard@example.org,Martinique
235,"Nelson, Berry and Mayer",mike58@example.org,Netherlands Antilles
236,Luna-Williams,kimberlyjones@example.net,Papua New Guinea
237,"Hall, Tapia and Munoz",jeffrey43@example.com,Isle of Man
238,Bush-Schneider,bradleyhicks@example.org,Congo
239,"Owens, Garcia and Matthews",kathleen33@example.org,Kyrgyz Republic
240,Gomez Inc,greertimothy@example.net,Mayotte
241,"Garcia, Nicholson and Wise",jenniferwhite@example.com,Pitcairn Islands
242,Stewart Group,erinparrish@example.com,Saudi Arabia
243,"Willis, Green and King",howardrice@example.com,Reunion
244,"Ward, Cortez and Shah",kelleyaaron@example.net,Kyrgyz Republic
245,Reed Ltd,pettycindy@example.net,Wallis and Futuna
246,Greene-Callahan,jocelyn01@example.com,Micronesia
247,Mcfarland PLC,pachecosheryl@example.org,Guatemala
248,"Orozco, Craig and Sanchez",staffordmarcus@example.org,United States of America
249,"Chan, Obrien and Long",gjordan@example.com,Brazil
250,"Kirk, Smith and Jones",jill70@example.net,Christmas Island
251,Andrews Group,charlesmartinez@example.com,Korea
252,Ramirez-Allen,lisa83@example.com,Cyprus
253,Jones-Alvarez,brownkevin@example.net,Antarctica (the territory South of 60 deg S)
254,Brewer-Martin,oharrison@example.net,Brazil
255,"Perez, Velasquez and Anderson",dromero@example.net,Luxembourg
256,Thomas-Williamson,rivasvictoria@example.org,Georgia
257,"Simmons, Mcclain and Mitchell",iboyd@example.org,Australia
258,Spencer-Ross,deannathompson@example.net,San Marino
259,"Bishop, Santos and Butler",uhart@example.net,Gabon
260,"Norman, Martinez and Webster",ashleyshah@example.org,Saint Martin
261,"Chen, Wood and Cole",logan96@example.com,Paraguay
262,Anderson-Carr,lpatel@example.org,Honduras
263,Gutierrez-Smith,bensonmatthew@example.net,Djibouti
264,Brady Group,stevengreene@example.com,Zimbabwe
265,Jones Inc,jeffrey60@example.net,Uzbekistan
266,Bauer-Lopez,jeanettegrimes@example.net,Pitcairn Islands
267,"Gray, Martinez and Rodriguez",tammy45@example.net,American Samoa
268,Bowers-Mcbride,michaelwilliams@example.com,Lao People's Democratic Republic
269,Grimes Ltd,esparzabrian@example.net,Iraq
270,"Brown, Hayes and Cunningham",griffinjennifer@example.net,Isle of Man
271,"Landry, Cowan and Fuentes",patricia86@example.com,Mauritius
272,Bell Group,jesus68@example.org,Saint Pierre and Miquelon
273,Shaw LLC,ayalacolleen@example.org,Colombia
274,"Jackson, Pittman and Hansen",bwilson@example.net,Macao
275,Alexander-Hudson,jeffrey88@example.org,Ukraine
276,"Banks, Burns and Castro",rmckenzie@example.com,Grenada
277,Glenn and Sons,reedmichael@example.com,Malaysia
278,"Clark, Moore and Meadows",aaronflowers@example.net,Cameroon
279,White-Nichols,davidhernandez@example.net,Iraq
280,Williams-Massey,gcampbell@example.net,Honduras
281,"Cooper, Garcia and Harris",adrianasimmons@example.org,Egypt
282,Ray Ltd,johnthompson@example.org,Comoros
283,"Walker, Parks and Hoffman",fgarcia@example.com,Tanzania
284,"Wood, Branch and Andrews",trevorhernandez@example.org,Chad
285,Allen-Patterson,courtney00@example.org,Israel
286,Lin Ltd,btorres@example.net,Bahrain
287,Guerra PLC,james89@example.org,Comoros
288,Coleman PLC,mccallkenneth@example.org,Togo
289,Quinn PLC,ehunter@example.net,China
290,Garcia-Schmidt,dporter@example.com,Aruba
291,"Nolan, Brown and Miles",leonjohn@example.net,Sri Lanka
292,"Taylor, Kerr and Warner",morganpamela@example.org,Congo
293,House PLC,natalie13@example.net,Syrian Arab Republic
294,Hartman-Carpenter,tharris@example.com,Mongolia
295,"Acevedo, Diaz and Lee",waynetaylor@example.com,Tanzania
296,Brown PLC,brandon88@example.net,Netherlands
297,"Nguyen, Andrews and Houston",christineesparza@example.net,Uganda
298,Robinson Group,lhorton@example.org,Russian Federation
299,Nelson-Gregory,glucas@example.com,Norfolk Island
300,Wilson Ltd,adamyoung@example.com,Western Sahara
301,Coleman-Garcia,geraldortiz@example.com,Italy
302,Smith Ltd,jennifer88@example.net,Armenia
303,Smith LLC,allen90@example.net,Montenegro
304,Eaton Group,apriljones@example.org,Honduras
305,Arnold Inc,sullivancarolyn@example.net,Korea
306,"Hensley, Bentley and Smith",heather63@example.com,Cocos (Keeling) Islands
307,Walls-Jones,garciajerry@example.net,Saint Vincent and the Grenadines
308,"Logan, Payne and Johnson",millswilliam@example.net,Sudan
309,"Hawkins, Robinson and Evans",paul00@example.net,Senegal
310,Hunter-Gonzalez,nguyenalejandra@example.net,Cambodia
311,"Davis, Palmer and Rivera",phillipsjames@example.org,Mauritius
312,Miller-Young,maynardpatricia@example.com,Venezuela
313,"Young, Perez and Erickson",karen46@example.org,Tanzania
314,Oneal Inc,linda17@example.org,United Arab Emirates
315,Moyer-Marks,margaret28@example.org,Papua New Guinea
316,Peters-Hudson,nelsonamy@example.org,Swaziland
317,Crane LLC,kristinharrison@example.net,New Zealand
318,Stark Group,collinsjustin@example.com,Nepal
319,Smith Inc,kylebrown@example.org,Dominican Republic
320,"Solis, Gross and Larson",rshort@example.net,Iraq
321,Evans and Sons,shieldsmolly@example.org,South Africa
322,"Sutton, Hardin and Fernandez",brockzachary@example.com,Guernsey
323,Henry-Kelley,ejames@example.org,Cameroon
324,Figueroa-Montoya,perkinsbrianna@example.com,British Indian Ocean Territory (Chagos Archipelago)
325,Bryant-Potts,laura78@example.net,Norway
326,Harper-Coleman,adamsmall@example.net,Russian Federation
327,Lawrence-Sloan,carralicia@example.com,Switzerland
328,"Bishop, Bright and Davis",elizabeth22@example.com,Turkmenistan
329,Clark Ltd,hmarsh@example.net,France
330,Mccoy PLC,renee24@example.org,Gibraltar
331,Barber and Sons,sara31@example.org,Guinea
332,Murray and Sons,tmatthews@example.net,Jersey
333,Simmons Ltd,dawngreen@example.net,Guinea-Bissau
334,"Wade, Guerrero and Davis",lflores@example.net,North Macedonia
335,Stewart-Wolfe,elizabethfloyd@example.com,Argentina
336,Harris-Peters,emccoy@example.org,Antarctica (the territory South of 60 deg S)
337,Wheeler PLC,qhayes@example.org,El Salvador
338,Nunez-Walter,rodriguezmary@example.net,Canada
339,Rodgers-Evans,briansingleton@example.org,Zambia
340,Daniels-Glenn,dsimpson@example.net,Isle of Man
341,Stewart Ltd,jjones@example.net,Tuvalu
342,Anderson-King,andreamitchell@example.com,Cook Islands
343,Hensley Ltd,jameschoi@example.net,Cambodia
344,Soto-Walters,wendymarshall@example.net,Algeria
345,Hill-Oconnor,jimenezkarina@example.net,Switzerland
346,Johnson Ltd,vlewis@example.net,Ghana
347,Delgado-Harmon,creed@example.net,Comoros
348,Davila-Clayton,johnsmichael@example.org,Belgium
349,"Reed, Mcmahon and Wagner",lauren61@example.net,Zambia
350,"Norris, Wilkerson and Baker",christina82@example.org,Papua New Guinea
351,"Gonzalez, Black and Holt",janet18@example.com,South Africa
352,Butler and Sons,charlesbuchanan@example.net,Bhutan
353,Dixon and Sons,marypeterson@example.net,Micronesia
354,Garcia LLC,hgarza@example.net,Norfolk Island
355,"Archer, Phillips and Brown",greenchristopher@example.net,Ecuador
356,Simmons and Sons,christopher41@example.net,Guadeloupe
357,White-Bond,pwilson@example.org,Brunei Darussalam
358,Wilson-Welch,savageandrea@example.org,Peru
359,Warren Group,xwalker@example.net,Tuvalu
360,Bennett-Howard,ashleyquinn@example.net,Montserrat
361,Curtis and Sons,jennifer19@example.com,Lebanon
362,Ball-Jones,kathyramos@example.net,Uganda
363,Weiss PLC,dsmith@example.net,Barbados
364,Walker LLC,sherry28@example.org,Switzerland
365,Wade LLC,tuckervickie@example.org,Maldives
366,Williams-Jones,hernandezjames@example.net,Grenada
367,"Johnson, Thompson and Meyer",martin13@example.com,Cape Verde
368,Stephenson-Gonzalez,crystal80@example.com,Morocco
369,"Blake, Norman and Gonzalez",vanessa13@example.com,Saint Barthelemy
370,Gonzales LLC,jamesramirez@example.org,Georgia
371,Arias-Meyer,megan64@example.com,Sao Tome and Principe
372,West-Reyes,rcrane@example.org,Korea
373,Rivera-Davis,ibradley@example.org,French Polynesia
374,"Durham, Moran and Brown",georgerichard@example.com,Cambodia
375,"Hodge, Young and Miller",colebrett@example.org,Armenia
376,Garcia-Clark,sarah76@example.org,Korea
377,"Lynn, Price and Chen",walvarez@example.net,Svalbard & Jan Mayen Islands
378,Mejia-Fernandez,elizabethsmith@example.net,Heard Island and McDonald Islands
379,English-Hanson,hrodriguez@example.org,Montserrat
380,Watts-Brown,yholland@example.com,Moldova
381,Duke Group,michaelmartinez@example.org,Israel
382,Novak-Randall,pthomas@example.net,Chile
383,Banks Inc,wsmith@example.com,Cambodia
384,White-Banks,qperez@example.com,Philippines
385,Moore LLC,tbaker@example.net,Romania
386,Hayes-Trevino,amandabell@example.com,United Kingdom
387,Smith PLC,lbradley@example.com,Bosnia and Herzegovina
388,Mitchell Group,murphymichael@example.com,Libyan Arab Jamahiriya
389,"Wolfe, Byrd and Pearson",mary78@example.org,Hong Kong
390,Vega-Williamson,hbrooks@example.org,Rwanda
391,Carpenter-Flores,youngdarren@example.net,Ghana
392,Lopez-West,brett54@example.org,Azerbaijan
393,Campbell-Mccoy,hillkristopher@example.net,Nicaragua
394,Hunter-Richardson,clinton16@example.net,Timor-Leste
395,"Humphrey, Mason and Gross",egreene@example.net,Argentina
396,Cummings-Walls,amandawilliamson@example.org,Nigeria
397,Bradley-Weaver,carol77@example.org,Taiwan
398,"Vargas, Carpenter and Swanson",padillaandrew@example.org,Latvia
399,"Williams, Ford and Arroyo",fjones@example.org,Morocco
400,Green-Gentry,dustin55@example.org,French Southern Territories
401,Blake and Sons,reillyjonathan@example.com,Kiribati
402,Clements-Davenport,bakercalvin@example.net,Estonia
403,"Martinez, Carroll and Thomas",james84@example.com,Cuba
404,Charles PLC,henryfarrell@example.net,Kiribati
405,Freeman and Sons,jenningsbeth@example.net,Antarctica (the territory South of 60 deg S)
406,"Taylor, Jackson and Bishop",mary03@example.com,Vanuatu
407,"May, Estrada and Avila",pcrawford@example.org,Iraq
408,Russell-Lee,rebeccalarson@example.org,Saudi Arabia
409,Cain-Haynes,usmith@example.org,United Arab Emirates
410,Barton PLC,ohodge@example.net,Nepal
411,"Cochran, Cline and Smith",isims@example.org,New Caledonia
412,Sanders LLC,tylerbell@example.net,Montserrat
413,Rodriguez PLC,kristinaestrada@example.net,Sierra Leone
414,Preston-Fields,pdavis@example.org,Cambodia
415,Greer-Jones,emorris@example.org,Colombia
416,Hogan-Jones,tcooper@example.com,Serbia
417,Harper-Johnson,kingjoshua@example.com,Saint Martin
418,Williams Ltd,andrew29@example.net,Korea
419,"Flores, Maldonado and Lowery",khananthony@example.net,Nicaragua
420,"Garcia, Davidson and Bowman",btucker@example.com,Mayotte
421,Strong-Perry,flewis@example.org,Myanmar
422,Ware-Nash,chelseawhite@example.org,Liechtenstein
423,Maldonado Inc,tiffany71@example.org,New Caledonia
424,Rogers-Noble,olivernicholas@example.com,Grenada
425,Page Inc,rachellogan@example.org,Canada
426,Harris and Sons,alexander02@example.net,Faroe Islands
427,Austin and Sons,stantonthomas@example.org,Hong Kong
428,"Lee, Pugh and Mendoza",garzamichael@example.com,Australia
429,"Dennis, Rhodes and Juarez",timothyhall@example.com,Christmas Island
430,"Rodgers, White and Ramsey",jenningsvirginia@example.net,Sao Tome and Principe
431,Russo-Ashley,burtonerin@example.org,Benin
432,"Fuentes, Williams and Thomas",danny65@example.org,Qatar
433,Phillips-Martinez,kingangela@example.com,Bermuda
434,Skinner-Roy,jennifermyers@example.com,Cuba
435,Schultz LLC,hollymeza@example.com,Senegal
436,Archer LLC,laura52@example.com,Jersey
437,Fletcher PLC,jordanalicia@example.org,Uruguay
438,Reed-Jones,hartmantiffany@example.com,Mongolia
439,"Snyder, Olsen and Walker",kjohnson@example.org,Bhutan
440,Bradley-Coffey,sandra53@example.org,Panama
441,Williams-Stokes,qmullins@example.net,New Zealand
442,Snyder-Berry,fowens@example.net,Tonga
443,"Armstrong, Chambers and Thomas",ellisonbrenda@example.net,United Kingdom
444,Goodwin-Mercado,diazandre@example.com,Mali
445,"Le, Johnson and Martinez",masonandrew@example.net,Tonga
446,"Fernandez, Davidson and Banks",brandy70@example.org,Comoros
447,Bailey-Russell,rachaelclark@example.net,Timor-Leste
448,"Jensen, Haynes and Barber",hernandezsteven@example.net,American Samoa
449,Harmon-Davis,carmenburns@example.org,Micronesia
450,Fernandez and Sons,trujillostephanie@example.net,Germany
451,Alexander-Holder,robertdelgado@example.org,Mozambique
452,Garcia Ltd,joseph57@example.org,Kiribati
453,"Stout, Adkins and Young",mark56@example.com,Mexico
454,Skinner PLC,chelseakidd@example.org,Nigeria
455,Banks-Ramsey,ccohen@example.org,Tunisia
456,Cooper-Williams,jgomez@example.com,Finland
457,Mccarty and Sons,nguyenmolly@example.com,Belize
458,"Davis, Ortega and Maxwell",sandyrussell@example.net,Christmas Island
459,Scott LLC,crystal90@example.com,Switzerland
460,Lewis-Harrell,danielle81@example.net,British Virgin Islands
461,Jackson Inc,margaret33@example.org,Uzbekistan
462,Moore Inc,samuel86@example.org,Saudi Arabia
463,"Henry, Sampson and Vance",qlevine@example.org,Estonia
464,Rivers-Barnes,jenny95@example.org,Suriname
465,Ortiz and Sons,jeffrey36@example.net,Saudi Arabia
466,Ortiz-Gonzales,sandersdiane@example.org,United Arab Emirates
467,Estes-Schneider,ysimmons@example.org,Cook Islands
468,"Abbott, Wood and Kaufman",heather74@example.org,Spain
469,"Mcdonald, Dyer and Watson",rodneysmith@example.net,Tuvalu
470,"Pittman, Patel and Jackson",sjohnson@example.org,United Kingdom
471,Richards-Santana,sanchezdavid@example.net,Moldova
472,"Lewis, Bauer and Shah",sthornton@example.com,Fiji
473,Burton-Velazquez,bcantrell@example.com,Iraq
474,Brown and Sons,cabrerabrittany@example.net,Singapore
475,Brown Ltd,rebecca11@example.net,Armenia
476,Jones-Jones,michael43@example.com,Congo
477,Kelly-Baker,melissa39@example.org,Brunei Darussalam
478,"Meyer, Mann and Randall",caitlinryan@example.net,Yemen
479,Daniels Ltd,cynthiaallen@example.org,Armenia
480,Johnson-Kelley,katherineshea@example.org,Saint Lucia
481,Yu Inc,brenda91@example.net,Tanzania
482,Fleming-Gardner,scarson@example.org,Guatemala
483,Perkins PLC,rivaschristopher@example.org,Germany
484,"Miller, Williams and Ross",cmcdonald@example.com,Bangladesh
485,"Wolf, Ware and Ray",ewilliams@example.net,Belarus
486,"Johnson, Davis and Mcdowell",mendezjames@example.com,Swaziland
487,Turner Ltd,mark05@example.net,Macao
488,Greene-Freeman,harveythomas@example.org,Armenia
489,Mcclain Group,gregorynewman@example.net,Qatar
490,"Stone, Fields and Collins",jessica78@example.com,Saint Barthelemy
491,Carter-Harvey,smartinez@example.net,Cayman Islands
492,Wilkinson-Ramirez,theresa67@example.com,Kenya
493,Fitzgerald PLC,henryjennifer@example.org,Solomon Islands
494,Little and Sons,nicolelopez@example.net,Korea
495,Lee-Lopez,fgomez@example.com,Bahamas
496,Evans-Randolph,iwilliams@example.com,Korea
497,Moss Inc,robertruiz@example.org,Trinidad and Tobago
498,Simmons Inc,amysmith@example.net,Austria
499,"Garcia, Miller and Smith",deborahsims@example.net,Western Sahara
500,Parker-Potts,walkerscott@example.net,Korea
501,Kaufman-Cooper,thunter@example.net,Marshall Islands
502,Harrison-Cummings,oduran@example.net,South Africa
503,Hood LLC,crystal68@example.net,Liechtenstein
504,Gonzalez Group,debbiepace@example.org,Burundi
505,Nelson-Ochoa,jamescruz@example.net,Isle of Man
506,"Ibarra, Hernandez and Fry",peckmartin@example.org,Nepal
507,Dixon Group,tamaradougherty@example.com,Saint Kitts and Nevis
508,Arroyo and Sons,robert39@example.net,Honduras
509,"Carlson, Duarte and Keith",lynchjon@example.org,Bahrain
510,Murphy PLC,whitestephen@example.com,Turkmenistan
511,Banks-Hardy,wmalone@example.com,Latvia
512,Madden Group,ooneill@example.com,Armenia
513,Meadows-Mcdonald,wardhelen@example.net,Oman
514,"Clark, Carpenter and Campos",ycampbell@example.org,Iran
515,Bell-Faulkner,tammyhenderson@example.net,Mexico
516,"Hernandez, Smith and Maynard",david36@example.net,Lao People's Democratic Republic
517,Cameron-Murphy,ysnyder@example.org,Ecuador
518,Gonzalez PLC,patriciasullivan@example.org,Senegal
519,Murray Inc,hernandezharold@example.com,Angola
520,Barton-Torres,sherry34@example.net,Somalia
521,"Wade, Vega and Long",kimberlylopez@example.net,Morocco
522,Gray-Wilson,christine93@example.net,Saint Lucia
523,Taylor-Caldwell,shawnrichards@example.net,Guinea-Bissau
524,"Hunter, Gonzalez and Mack",robertmckenzie@example.com,Greece
525,Colon LLC,yorkkaren@example.net,Malawi
526,"Booth, Ortiz and Mills",stephenbaldwin@example.com,Mauritania
527,Young-Taylor,alexanderrobinson@example.net,Croatia
528,"Smith, Beasley and Ortiz",donaldfox@example.org,Wallis and Futuna
529,"Silva, Walker and Bowman",burnsrobin@example.org,Latvia
530,Smith-Ramsey,lwright@example.com,Uruguay
531,Ramos PLC,umoore@example.net,Colombia
532,Alexander LLC,fisherpedro@example.net,Sudan
533,Short PLC,vanessapineda@example.net,China
534,Swanson-Porter,burkenicole@example.com,Antigua and Barbuda
535,"Morales, Moreno and Cohen",carolyn22@example.com,British Virgin Islands
536,Blackwell-Buck,hallrobert@example.net,Austria
537,Jones-Brown,johnharmon@example.org,Antigua and Barbuda
538,Glenn and Sons,tonya28@example.com,Maldives
539,Macias-Underwood,lisa39@example.net,French Polynesia
540,Turner PLC,sosasonia@example.net,Ecuador
541,"Thomas, Norris and Salas",jose08@example.org,Burkina Faso
542,Munoz Ltd,nvazquez@example.com,Tonga
543,Clark-Bartlett,ronnie40@example.net,Equatorial Guinea
544,Chandler Inc,jimgood@example.org,Sao Tome and Principe
545,Nelson-Jacobson,vasquezjason@example.com,Estonia
546,Lee-Sherman,kevinsims@example.com,San Marino
547,"Curtis, Garcia and Rogers",dscott@example.net,Zambia
548,Pacheco-Gonzalez,johnmorales@example.net,Belize
549,Hodge LLC,warneramy@example.org,Papua New Guinea
550,Johnson Inc,sarahwright@example.com,Guadeloupe
551,Herrera-Cole,beardbrianna@example.org,Madagascar
552,King Group,samuelbrown@example.com,Reunion
553,Becker-Moore,shane24@example.net,Haiti
554,Ford PLC,jill81@example.org,Niger
555,Smith Ltd,cynthiacrawford@example.net,Nigeria
556,Gibbs-Bond,cgonzalez@example.com,Isle of Man
557,"Graham, White and Alvarez",ryanfritz@example.org,Barbados
558,Williams-King,dianabradshaw@example.org,Honduras
559,Hoffman Inc,cooperjessica@example.org,Palau
560,Barnett Ltd,courtneyclark@example.com,Mozambique
561,Rodriguez-Fernandez,john79@example.com,Gambia
562,Jimenez-Robinson,rshaw@example.net,San Marino
563,Lang Group,tmartin@example.org,Gibraltar
564,Byrd-Weber,gabrielstewart@example.net,Colombia
565,Vasquez-Roberts,burtonvictor@example.net,Hong Kong
566,Powers-Walker,jamesmiddleton@example.com,Thailand
567,"Perry, Castillo and Green",hoganscott@example.com,Martinique
568,Sanchez-Jones,michaelclay@example.com,Dominica
569,"Nelson, Carlson and Meyer",matthew59@example.org,Tokelau
570,Huff-Schmidt,russelltara@example.com,United States of America
571,Mendez and Sons,justin26@example.com,Macao
572,"Murphy, Lawson and Jones",smithalex@example.com,Finland
573,Scott-Maxwell,kristen77@example.org,Congo
574,Nielsen-Scott,thomasmichael@example.net,Solomon Islands
575,Henson-Cooper,dennis67@example.net,Ukraine
576,"Terry, David and Johnson",jesse91@example.net,North Macedonia
577,Figueroa-Moore,debra40@example.org,Italy
578,Thomas Ltd,thomas70@example.com,Lithuania
579,Schmidt Ltd,patriciajordan@example.com,India
580,"Lang, Brooks and Miller",kenneth78@example.net,Mauritius
581,"Garcia, Spencer and Lee",robert86@example.org,Paraguay
582,"Fowler, Nixon and Alvarez",littlesamuel@example.com,Netherlands
583,Parker-Bush,calhounangela@example.com,American Samoa
584,"Moore, Morales and Taylor",phillipprice@example.net,Ghana
585,Anderson-Barker,margaret35@example.net,Vanuatu
586,Goodwin Ltd,smithtyler@example.net,Indonesia
587,Hernandez-Osborne,johnnygarner@example.com,Colombia
588,Higgins-Torres,ericperez@example.org,Slovenia
589,Erickson-Ross,ruizdenise@example.com,Cuba
590,Crawford-Blanchard,kevin54@example.org,Rwanda
591,"Robinson, Wilson and Martin",peterkelly@example.org,Panama
592,Barajas and Sons,nathanbeard@example.net,Palau
593,"Moore, Yates and Jenkins",daniel70@example.com,Christmas Island
594,Young Ltd,ericaberg@example.net,Mali
595,Guzman and Sons,jason31@example.com,Ethiopia
596,Grant-Reid,sandovalstephanie@example.com,Barbados
597,"Johnson, Williams and Webster",ulozano@example.com,El Salvador
598,Munoz-Brown,whitenicole@example.org,Belarus
599,Mitchell-Baker,nathanprice@example.com,Iran
600,Walker LLC,adam53@example.org,Kazakhstan
601,Larson Inc,lowedanielle@example.net,Namibia
602,Morgan Group,jennifer90@example.net,Norfolk Island
603,"Martin, Allen and Newman",alexisanderson@example.net,Benin
604,"Rhodes, Ponce and Glass",jose89@example.com,Saint Lucia
605,"Williams, Miller and Newton",ericrodriguez@example.com,Netherlands
606,Edwards Ltd,lewiscarol@example.com,United Arab Emirates
607,Rodriguez LLC,dunnkaitlin@example.net,Martinique
608,Mcintyre LLC,hicksrobert@example.com,Italy
609,"Martinez, Estes and Meadows",john10@example.org,Vietnam
610,"Burton, Cordova and Larson",samantha10@example.com,Netherlands Antilles
611,Perez-Schultz,maryowens@example.net,Timor-Leste
612,"Ewing, Burke and Peters",xroach@example.net,Oman
613,Kim PLC,ncollins@example.com,Cambodia
614,Nelson-Moore,amandaarellano@example.net,Austria
615,"Mendoza, Cross and Boyd",diana39@example.com,Uganda
616,Henderson-Bartlett,morenobeverly@example.net,Guernsey
617,Perkins-Thompson,jacksonchristina@example.net,New Zealand
618,"Roberts, Smith and Jones",lgalloway@example.com,Philippines
619,Lopez-Smith,kyleherrera@example.com,Guam
620,Martin-Bennett,michaelrice@example.org,Sao Tome and Principe
621,Allen-Gutierrez,henry61@example.org,Bahrain
622,Tucker LLC,kingmax@example.com,Panama
623,Underwood-Martin,xjohnson@example.net,Burkina Faso
624,Jackson PLC,anthony81@example.com,Guatemala
625,"Barton, Flynn and Wright",larrymccormick@example.net,Indonesia
626,"Murray, Davis and Young",blakemalone@example.org,Guam
627,Jones-Duncan,rkirk@example.org,Bosnia and Herzegovina
628,"Middleton, Warren and Johnson",colechristopher@example.com,Cameroon
629,Mcdonald Group,brandyfernandez@example.org,Bahamas
630,Stanley-Long,lori07@example.com,Latvia
631,Freeman PLC,dstafford@example.com,Northern Mariana Islands
632,Willis-Miller,mcbridekristina@example.org,Greenland
633,Cooper-Fuentes,jimenezanne@example.org,Ireland
634,Robinson-Khan,jessicamartinez@example.com,Puerto Rico
635,Ford and Sons,travistracy@example.com,New Zealand
636,Brooks-Church,annaaguilar@example.org,Central African Republic
637,"Tyler, Gray and Mckinney",huangjohn@example.org,Congo
638,Pitts-White,michaelcabrera@example.com,Guatemala
639,"Smith, Hawkins and Ortiz",yrodriguez@example.net,Saint Vincent and the Grenadines
640,"Bass, Long and Robinson",sharris@example.org,Sao Tome and Principe
641,White Inc,brownandrew@example.org,Albania
642,Bush-Chang,ltorres@example.com,French Guiana
643,Moore-Kelley,nelsonjulie@example.com,Vanuatu
644,"Evans, Hicks and Murphy",gregorywilson@example.net,Malaysia
645,"Riddle, Bell and Mcguire",ericajohnson@example.com,Lebanon
646,Cardenas-Yang,xlambert@example.com,Micronesia
647,"Lee, Francis and Cook",pharmon@example.org,Guernsey
648,Luna LLC,bethtorres@example.com,Denmark
649,Hicks-Brown,staciearnold@example.org,Korea
650,Wise Inc,fsmith@example.com,Mayotte
651,"Fernandez, Hill and Brown",mmendez@example.org,Reunion
652,Rice-Mitchell,harveychristopher@example.com,United States of America
653,Shepherd-Henry,derrickharper@example.com,Cameroon
654,"Fletcher, Simmons and Nash",jeromemorton@example.net,Liberia
655,Vargas-Dorsey,jeffery30@example.org,Belgium
656,"Lynn, Anderson and Kennedy",tcook@example.net,Argentina
657,"Waller, Robinson and Romero",awhite@example.net,United States Minor Outlying Islands
658,"Skinner, Cooper and Delgado",powersalan@example.net,Azerbaijan
659,"Dawson, Thompson and Hahn",careyfrank@example.com,Australia
660,"Shea, Torres and Lopez",haneyashlee@example.net,North Macedonia
661,Duncan-Harrington,thompsonedwin@example.com,Norfolk Island
662,Dunn-Robbins,galvandarren@example.net,Paraguay
663,"Gonzales, Phelps and Kelley",coxalex@example.net,Benin
664,"Eaton, Dorsey and Baker",stephen00@example.net,Liechtenstein
665,"Farmer, Campbell and Chan",tbranch@example.net,Cote d'Ivoire
666,Harding-Johnson,zrussell@example.net,Samoa
667,Smith Inc,delacruzjeffery@example.org,Tanzania
668,"Thompson, Martinez and Thomas",doris37@example.net,Congo
669,"Evans, Fernandez and Smith",brandonmartinez@example.net,China
670,"Miller, Mercer and Barrera",amy82@example.net,Azerbaijan
671,Kim-Young,martinmelissa@example.net,Uganda
672,Johnson-Jennings,tonyford@example.net,Saint Martin
673,"Stein, Aguilar and Mathews",xgoodman@example.net,Israel
674,Keller Inc,grahamjulia@example.net,Ethiopia
675,Hernandez and Sons,david80@example.org,Tonga
676,Hall Group,amy63@example.org,Iran
677,Chen-Lopez,cohendanielle@example.net,Paraguay
678,Young Ltd,laurie58@example.org,China
679,Jackson Inc,gbrown@example.com,Morocco
680,"Price, Francis and Mendoza",andrea17@example.org,Andorra
681,Jackson-Smith,archeralicia@example.net,New Caledonia
682,"Garcia, Bowers and Gonzalez",samuelsharp@example.com,Qatar
683,Cole-Brooks,karen61@example.com,Saint Helena
684,Leon-Soto,rjohnson@example.com,Greece
685,Lambert-Love,ashley13@example.com,Denmark
686,Paul and Sons,carolynmartinez@example.org,Saudi Arabia
687,"Buchanan, Campos and Brady",williamdiaz@example.net,Guinea-Bissau
688,Gordon and Sons,brockyvette@example.net,Gibraltar
689,Shelton LLC,joshuasanders@example.net,Lebanon
690,Livingston Ltd,natasha19@example.org,Cameroon
691,Hill-Chan,erin44@example.org,Solomon Islands
692,"Butler, Fernandez and Buck",jamesgomez@example.org,Germany
693,Lewis-Diaz,sanchezshannon@example.org,Estonia
694,Frey-Garrett,richardwashington@example.com,French Southern Territories
695,"Moore, Mclaughlin and Johnson",jeremy55@example.org,American Samoa
696,Williams Group,rebeccazamora@example.net,Martinique
697,"Luna, Lucas and Cooper",contrerastiffany@example.com,Norway
698,"Dalton, Rangel and Eaton",kellyjonathan@example.org,Singapore
699,"Hall, Martinez and Robinson",charlessnyder@example.net,British Indian Ocean Territory (Chagos Archipelago)
700,Greer Inc,cookjose@example.net,Syrian Arab Republic
701,"Valdez, Jones and Farmer",vhester@example.com,United States of America
702,Davis Inc,rcollier@example.net,Lao People's Democratic Republic
703,Walker-Green,hillmelissa@example.net,Iraq
704,"Peterson, Hodges and Wilcox",martinbryan@example.org,Micronesia
705,"Murphy, Stevens and Miller",wnorris@example.net,Grenada
706,Miller-Esparza,benjaminrivas@example.net,Micronesia
707,Price-Cummings,cummingsjessica@example.com,Holy See (Vatican City State)
708,Lawrence-Jones,raymond99@example.com,Iraq
709,Hall-Mcguire,marklowe@example.org,Sweden
710,"Estrada, Johnson and Cooper",baldwindavid@example.org,Morocco
711,"Blankenship, Bowman and Reyes",matthew03@example.org,Mozambique
712,Young and Sons,natalielopez@example.net,Ghana
713,"Chan, Alexander and Morris",wilsonnatasha@example.org,North Macedonia
714,"Ford, Lee and Henry",christina01@example.net,Chad
715,Skinner-Ellis,aaronbrown@example.org,Guinea-Bissau
716,George Inc,thompsonmichelle@example.org,Togo
717,Scott Ltd,laurie48@example.org,Canada
718,Mitchell PLC,chavezjason@example.net,Falkland Islands (Malvinas)
719,Castaneda PLC,franklinjill@example.com,Estonia
720,Evans LLC,wayne65@example.net,Qatar
721,Murray-Knight,tayloralicia@example.com,Canada
722,Clark-Williams,gardnersusan@example.com,Albania
723,Jackson-Jackson,andrewhuber@example.com,Venezuela
724,Logan PLC,lucasjordan@example.org,Tokelau
725,Williams PLC,christophertucker@example.org,Tuvalu
726,"Fox, Phillips and Harris",roger51@example.org,Greece
727,Hunt-Small,hopkinsanthony@example.net,Tajikistan
728,"Moore, Alvarez and Campbell",ulopez@example.net,Turkey
729,Scott-Bridges,kylevega@example.net,South Africa
730,"Johnson, Galvan and Frey",wilsonjaime@example.net,Vietnam
731,"Rivera, Frederick and Hartman",danielle48@example.com,Libyan Arab Jamahiriya
732,"Baldwin, Holt and Richardson",danaschroeder@example.net,Nicaragua
733,"Rodriguez, Roth and Williams",beasleylaura@example.org,Saudi Arabia
734,"Davis, Whitney and Jackson",sfrost@example.org,Tunisia
735,"Mills, Jordan and Marshall",nancysmith@example.com,Peru
736,Parker LLC,kingstephen@example.com,Guyana
737,Maldonado Inc,henrypeters@example.com,Guyana
738,Ross PLC,katherinebarry@example.org,Zimbabwe
739,Dennis-Downs,rosaleswilliam@example.net,Armenia
740,"Cook, Hanna and Mcintosh",deanbrooke@example.org,North Macedonia
741,"Patterson, Smith and Lee",kristin38@example.com,Uzbekistan
742,"Gallagher, White and Meyer",michael69@example.net,Sao Tome and Principe
743,"Morgan, Miller and Osborn",anthonycollier@example.org,Congo
744,Turner Inc,williamsnyder@example.com,Papua New Guinea
745,Nguyen PLC,lesliethomas@example.com,Ghana
746,Blake LLC,beth39@example.org,Tunisia
747,"Richardson, Mcgrath and Small",collinsjillian@example.net,Liechtenstein
748,King Ltd,whitemegan@example.org,Turkmenistan
749,"Williams, Lawrence and Bell",markpeters@example.com,Macao
750,Flores-Huynh,andres85@example.net,Indonesia
751,Blake Group,lawrencekhan@example.net,Lesotho
752,Carpenter-Jordan,jenniferacosta@example.org,Korea
753,"Thompson, Shelton and Fernandez",victoria07@example.net,Finland
754,Houston-Campbell,bellanna@example.net,Ethiopia
755,Diaz-Reed,larsonlisa@example.com,Netherlands
756,Burke-Stanley,kenneth98@example.net,Montenegro
757,Kirby-Reynolds,leestephanie@example.net,Myanmar
758,Nolan Group,whitedebra@example.com,Ireland
759,Olsen Inc,heathermeyer@example.com,Western Sahara
760,Singh Ltd,fletcherjohn@example.org,Togo
761,Perkins-Hughes,theodore06@example.com,Algeria
762,Ross Ltd,tanyablanchard@example.com,American Samoa
763,"Rivers, Castillo and Jensen",zzuniga@example.net,Tonga
764,Rivera LLC,andrew77@example.org,Sri Lanka
765,Lara-Riley,forbeskristen@example.com,Luxembourg
766,Coleman-Williams,cpowell@example.com,French Southern Territories
767,"Guzman, Neal and Browning",xsmith@example.net,Kenya
768,Ruiz PLC,nelsontaylor@example.net,Vietnam
769,"Oliver, Phillips and Solomon",dphillips@example.org,Nicaragua
770,Cantrell-Mann,maloneerika@example.org,Saint Helena
771,Ruiz-Mcmillan,kristinwhite@example.net,Hong Kong
772,Wilson-Curtis,davidmcdonald@example.org,China
773,"Dorsey, Odonnell and James",brandi51@example.net,Russian Federation
774,"Evans, Bailey and Sullivan",edwin88@example.org,Slovenia
775,"Lewis, Ward and Miller",caldwelldanielle@example.org,Chile
776,"Harper, White and Rogers",spencerveronica@example.org,Sudan
777,Gay Inc,ybrown@example.net,Lithuania
778,"Bass, Lynn and Stone",banksmichelle@example.net,Cameroon
779,"Mcbride, Young and Bonilla",millermary@example.org,American Samoa
780,Larson-Richards,dylan41@example.com,Bermuda
781,"Knapp, Rowland and Williams",huntstephanie@example.org,Egypt
782,Gonzalez-Butler,allendavid@example.net,United States Minor Outlying Islands
783,Brennan Ltd,smoore@example.org,Saint Barthelemy
784,"Jackson, Yang and Flynn",rebecca57@example.com,Grenada
785,"Hubbard, Ramirez and Gilbert",gregoryamber@example.net,Dominican Republic
786,"Allen, Garcia and Lara",vmorgan@example.net,Saint Barthelemy
787,Yates Ltd,margaret34@example.com,Cote d'Ivoire
788,Ellis-Garcia,anthony76@example.net,Martinique
789,"Anderson, Curtis and Hill",fschmitt@example.com,Iceland
790,Cox-Kelley,fletchertraci@example.com,Albania
791,Dyer Inc,paulvasquez@example.net,Anguilla
792,Meyers Group,phyllis53@example.com,Kyrgyz Republic
793,Smith-Holland,kimberly93@example.com,Burkina Faso
794,Butler-Romero,joseph38@example.org,Luxembourg
795,Williams-Gray,cbates@example.net,China
796,Ramirez LLC,dunlapmonica@example.com,British Virgin Islands
797,Suarez-Solis,higginsamanda@example.net,Paraguay
798,Snyder-Munoz,victorsmith@example.org,Somalia
799,Potts-Macias,lauragray@example.com,Fiji
800,"Allen, Jennings and Garcia",annette53@example.net,Pitcairn Islands
801,Houston-Scott,mcmillanmatthew@example.org,Sudan
802,"Brown, Lee and Oconnor",williamsjennifer@example.com,Brunei Darussalam
803,Gaines-Hogan,hillthomas@example.net,Eritrea
804,"Mcmahon, Cook and Rocha",richardpowell@example.com,Hong Kong
805,Carter Ltd,anna62@example.org,Nicaragua
806,"Williamson, Garcia and Meyers",idonaldson@example.org,Chad
807,"Hunter, Cooper and Campbell",ymartinez@example.com,Zambia
808,Jackson LLC,bethany27@example.net,Timor-Leste
809,Lewis Inc,nicholasnichols@example.net,Argentina
810,Mccarty-Stevens,hamiltonvictoria@example.net,Micronesia
811,Bell-Myers,terri40@example.org,Slovakia (Slovak Republic)
812,"Roberts, Hernandez and Little",harrisdoris@example.net,Monaco
813,"Rocha, Hopkins and Tran",rioserik@example.com,Samoa
814,"Lewis, Nixon and Salazar",kyle09@example.org,Saint Pierre and Miquelon
815,Duncan Ltd,sarahlewis@example.net,Brazil
816,Diaz-Jones,lawrenceford@example.org,Belize
817,Keller PLC,umarsh@example.com,Peru
818,Schwartz-Walker,jwalker@example.net,Barbados
819,Navarro LLC,judith27@example.org,Kazakhstan
820,"Jackson, Taylor and Wilson",jessica01@example.org,Timor-Leste
821,"Cunningham, Glenn and Rodriguez",penasarah@example.net,Thailand
822,"Cabrera, Shannon and Davis",aaronallen@example.com,Sweden
823,"Gallegos, Gates and Johnson",trobinson@example.org,Botswana
824,Heath-Kelley,adamsbrady@example.org,Montserrat
825,Mcdaniel Inc,stevengraham@example.org,Serbia
826,Fry and Sons,david07@example.com,Philippines
827,Mason-Patterson,michael61@example.net,Kazakhstan
828,Mason-Baker,john43@example.net,Madagascar
829,Henson-Henderson,darrylblanchard@example.org,Israel
830,Newton PLC,stephanie28@example.com,Netherlands Antilles
831,"Smith, Best and Williams",williamwalton@example.org,Guinea
832,Garcia PLC,brian65@example.com,Taiwan
833,Wright and Sons,timothy68@example.net,Mexico
834,"Kim, Gilbert and Benton",gsalazar@example.org,Zambia
835,Williams and Sons,katherinenolan@example.net,Zimbabwe
836,Johnson-Price,maria77@example.org,Vietnam
837,Ortiz-Ruiz,davismichelle@example.com,Estonia
838,"Richardson, Stephenson and Myers",pespinoza@example.org,Macao
839,"Nunez, Shepherd and Smith",victoria19@example.net,Namibia
840,"Peterson, Miller and Holt",amanda30@example.net,Togo
841,Wiley-Williams,lwatson@example.net,Samoa
842,Meadows-Vang,zgardner@example.com,Uzbekistan
843,Coleman LLC,michaelperez@example.org,China
844,"Carpenter, Decker and Wilson",ksantiago@example.net,Bosnia and Herzegovina
845,"Ellis, Hamilton and White",travisguzman@example.net,Vanuatu
846,Rogers-Williams,branchjeremy@example.com,Bahamas
847,"Sims, Giles and Gonzalez",anngill@example.org,Kazakhstan
848,Larsen-Brown,vasquezshannon@example.com,New Zealand
849,Bell-Terry,solomonpatrick@example.org,Dominica
850,Sampson-Watson,ctaylor@example.net,Norway
851,Smith-Robinson,franksmith@example.net,Guinea-Bissau
852,"Hoffman, Moreno and Williams",sanchezbrianna@example.net,Nicaragua
853,Thompson and Sons,jacob00@example.com,Sao Tome and Principe
854,"Johnson, Jenkins and Martinez",iedwards@example.com,Dominica
855,Smith Inc,normantracy@example.net,Bolivia
856,Mills-Cannon,peter48@example.net,British Virgin Islands
857,Adkins-Clayton,samuel36@example.net,Suriname
858,Hancock and Sons,vgregory@example.net,Burundi
859,Taylor PLC,ramseybrian@example.com,Bulgaria
860,"Carpenter, Jones and Jackson",melissamaddox@example.com,Bulgaria
861,"Webb, Turner and Jenkins",joneschristina@example.org,Maldives
862,Hoffman-Pratt,chavezsydney@example.net,Guinea-Bissau
863,Johnson-Rhodes,cody93@example.net,Mauritius
864,"Cohen, Poole and Berg",twillis@example.com,Christmas Island
865,Riley-Harper,lbender@example.org,Maldives
866,"Thomas, Mcguire and Winters",frank12@example.com,Indonesia
867,Novak-Adams,rickypetersen@example.net,Niue
868,Cox-Smith,shelleydougherty@example.org,Croatia
869,"Martinez, Harris and Hamilton",logan16@example.com,Solomon Islands
870,Bates Group,tommylester@example.net,Slovakia (Slovak Republic)
871,Fuller-Welch,kmurray@example.com,Wallis and Futuna
872,Cherry Inc,jeffrey72@example.org,Egypt
873,Mays and Sons,bdaniels@example.com,Nauru
874,"Harvey, Pace and Luna",williamfritz@example.com,Guatemala
875,"Cunningham, Montes and Phillips",james05@example.org,Saint Barthelemy
876,Chung-Lewis,crodriguez@example.com,Tunisia
877,Owens-Ross,nathanyoung@example.net,Hungary
878,Franklin-Brown,dylanmorton@example.net,Luxembourg
879,Welch-Erickson,janet41@example.org,Niger
880,"Sanchez, Brown and Cook",ashleystewart@example.com,Namibia
881,Singh Inc,haroldbarnes@example.org,France
882,"White, Parker and Vasquez",bmckenzie@example.net,Egypt
883,Norris Ltd,uochoa@example.net,Mayotte
884,House LLC,susan84@example.com,Iran
885,"Gutierrez, Anderson and Wood",nicholsanthony@example.net,Brunei Darussalam
886,"Woods, Oconnor and Lopez",crossjessica@example.net,Azerbaijan
887,Anderson and Sons,michelle88@example.org,Liechtenstein
888,Mcbride and Sons,christophermartinez@example.org,Saint Lucia
889,"Gomez, Reed and Pratt",kevin08@example.org,Senegal
890,"Cook, Rowe and Smith",williebender@example.com,Tunisia
891,Shaw LLC,jamescain@example.com,Saint Vincent and the Grenadines
892,Riley-Malone,christopher31@example.net,Togo
893,Simmons-Allen,angelachen@example.net,Netherlands Antilles
894,"Singleton, Rivera and Brown",ihouse@example.org,Sudan
895,"Robertson, Simon and Harris",mary68@example.net,Moldova
896,"Daniels, Tanner and Aguilar",samuel48@example.org,French Southern Territories
897,"Carter, Rowland and Olsen",mreyes@example.net,Netherlands Antilles
898,Jones-Martin,lindahanna@example.com,Gibraltar
899,Nichols Inc,scottbenson@example.com,Liberia
900,"Bennett, Velazquez and Erickson",wthomas@example.com,Libyan Arab Jamahiriya
901,"Munoz, Sullivan and Burke",chamberszachary@example.net,Liberia
902,Brown Ltd,parkvirginia@example.com,Netherlands
903,"Phillips, Collins and Hanna",mary97@example.net,Belgium
904,Osborne-Sims,qpowell@example.org,Ecuador
905,Lee Ltd,mary82@example.com,Vanuatu
906,Williams-Hartman,salasjonathan@example.com,United Kingdom
907,Parker-Rosales,rebeccasmith@example.org,Saint Martin
908,"Meza, Allen and Foster",donnameza@example.com,Monaco
909,"Lambert, Romero and Macdonald",santiagorose@example.org,Ecuador
910,Mccann-Armstrong,qbailey@example.com,Kiribati
911,Scott-Murray,donna62@example.net,Cote d'Ivoire
912,Walker-Thomas,jessica70@example.org,Taiwan
913,Turner-Taylor,parkerraymond@example.net,Iran
914,Johnson PLC,comptonsarah@example.com,Rwanda
915,Perez Inc,todddudley@example.org,Uganda
916,Villanueva Inc,hgomez@example.org,Netherlands Antilles
917,Davis-Hester,jennifer95@example.com,Spain
918,Bailey and Sons,kaitlyn94@example.com,Dominican Republic
919,Mendez and Sons,wendy01@example.org,Uganda
920,Allen Group,matthew71@example.com,Estonia
921,Mullen Group,sarahward@example.org,Syrian Arab Republic
922,Obrien Group,mwallace@example.org,Korea
923,Lewis Group,larryjames@example.org,Uzbekistan
924,"Smith, Estrada and Griffith",thaynes@example.net,Germany
925,Frost PLC,schneiderjose@example.net,Northern Mariana Islands
926,Johnson and Sons,erica58@example.net,Jamaica
927,Cortez-Liu,fhenderson@example.org,Greece
928,Nolan LLC,christopherbrown@example.com,Bahrain
929,"Singh, Mitchell and Sexton",emilyellis@example.com,Grenada
930,Garcia LLC,mcgeejoseph@example.com,Puerto Rico
931,Bell LLC,manuelbuchanan@example.net,New Zealand
932,"Short, Rodriguez and Frazier",gball@example.com,Fiji
933,Wood-Smith,fhull@example.com,Slovenia
934,Aguilar Group,matthew65@example.com,Saint Barthelemy
935,Hensley-Price,nicolepope@example.net,Dominican Republic
936,Mejia LLC,willie02@example.net,Morocco
937,Campos-Orr,regina66@example.com,Uruguay
938,Castro-Vasquez,bgonzalez@example.org,Latvia
939,Costa-Harvey,plewis@example.org,Papua New Guinea
940,Spencer and Sons,josephsilva@example.com,Lesotho
941,"Alexander, Diaz and Guerrero",frank96@example.net,Reunion
942,Smith-Cannon,dallen@example.net,Australia
943,"Glass, Jones and Crawford",jennifer96@example.net,Togo
944,Bush-Herrera,knoxcrystal@example.net,Sierra Leone
945,Kirby LLC,marysheppard@example.net,Papua New Guinea
946,Clark-Mueller,amyrodriguez@example.org,Korea
947,"Walters, Acevedo and Mcclain",denniskirby@example.net,United Arab Emirates
948,Li Ltd,marcusjones@example.org,Palestinian Territory
949,"Martinez, Daugherty and Juarez",michael14@example.org,Christmas Island
950,Morales-Clark,alexa85@example.org,Wallis and Futuna
951,Maxwell-Webb,boydcory@example.net,Cayman Islands
952,Cisneros LLC,brittany32@example.org,Christmas Island
953,Montgomery Group,nrobinson@example.com,Dominican Republic
954,Gutierrez-Long,kyleford@example.org,Costa Rica
955,"Martinez, Perez and Torres",raymondtaylor@example.org,Saint Pierre and Miquelon
956,"Brown, Robinson and Terry",karinaanderson@example.net,Gabon
957,"Anderson, Shaw and King",stephaniehayes@example.net,United States Minor Outlying Islands
958,"Day, Smith and Soto",daviddavies@example.com,Lao People's Democratic Republic
959,"Bailey, Garza and Crawford",xtaylor@example.org,Christmas Island
960,"Greene, Perez and Shea",james35@example.net,Italy
961,"Richardson, Wilson and Miller",valerie04@example.com,Myanmar
962,"Maldonado, Thompson and Robinson",alberthill@example.org,Solomon Islands
963,Robinson PLC,rodney91@example.net,Malawi
964,Day-Carey,lori42@example.com,Japan
965,"Anderson, Johnson and Newman",imarshall@example.net,Isle of Man
966,"Hayes, Patterson and Brown",paige48@example.org,Libyan Arab Jamahiriya
967,Jones Group,seanwilliams@example.net,Guinea
968,"Johnson, Beck and Medina",xespinoza@example.com,Thailand
969,Martinez-Moore,brenda33@example.org,Spain
970,Martinez-Williams,callen@example.org,Guam
971,Hickman LLC,ryan23@example.net,Iceland
972,Rodriguez-Brown,lopezdiana@example.com,Australia
973,"Kent, Moore and Davis",leslielawrence@example.net,Anguilla
974,"Miller, Ryan and Griffin",kmartinez@example.com,Congo
975,Garner Inc,pbenson@example.net,Ecuador
976,Stewart-Kent,swiggins@example.net,Bulgaria
977,"Leon, Russell and Clark",sara50@example.net,Palau
978,"Sanford, Aguilar and Coleman",cassandracraig@example.com,Kenya
979,"Hart, Hurst and Bailey",medinadanielle@example.org,Denmark
980,Freeman-Lowe,eswanson@example.org,Kenya
981,Neal LLC,brian40@example.com,Bhutan
982,"Smith, Taylor and Larson",anthony62@example.com,Korea
983,"Santos, Goodman and Davis",anna18@example.org,Bouvet Island (Bouvetoya)
984,"Barnes, Suarez and Powell",amyerickson@example.com,United States of America
985,Bond-Davis,tjohnson@example.com,Burundi
986,Simpson LLC,sotokaren@example.com,Cook Islands
987,Wilson Inc,cmorse@example.org,Zambia
988,"Bridges, Pearson and Tapia",ule@example.net,Ghana
989,Powers Group,pattypalmer@example.com,Georgia
990,Hebert LLC,booneabigail@example.org,Niger
991,Moore-Hubbard,davidbaird@example.org,Mayotte
992,Williams-Camacho,kimberly82@example.org,Gabon
993,"Ford, Whitehead and Mcguire",ybuchanan@example.com,Pitcairn Islands
994,"Mcpherson, Davidson and Bryant",rileythomas@example.org,Palestinian Territory
995,Day Group,morrisonbianca@example.com,Turks and Caicos Islands
996,Espinoza Inc,stephanie06@example.org,Slovakia (Slovak Republic)
997,Martin and Sons,smithjulia@example.net,Cyprus
998,Lester-Bennett,ashley31@example.org,Pitcairn Islands
999,Cross Group,hammondmary@example.com,Guinea
1000,"Holland, Lynch and Petersen",kmorgan@example.org,Norfolk Island
